"Fecha","Último","Apertura","Máximo","Mínimo","% var."
"30.05.2022","120,0050","119,7900","120,0150","119,7900","0,38%"
"27.05.2022","119,5500","119,3650","119,5650","119,3650","0,13%"
"26.05.2022","119,4000","119,2650","119,4350","119,0600","0,29%"
"25.05.2022","119,0500","119,0600","119,0950","119,0250","0,06%"
"24.05.2022","118,9800","119,0250","119,1150","119,0200","0,13%"
"23.05.2022","118,8200","118,2950","118,9600","118,2950","0,29%"
"20.05.2022","118,4800","118,2900","118,5050","118,2900","0,12%"
"19.05.2022","118,3400","118,0100","118,3800","118,0100","0,28%"
"18.05.2022","118,0100","118,0200","118,0550","117,9750","-0,05%"
"17.05.2022","118,0700","117,8600","118,0750","117,8050","0,18%"
"16.05.2022","117,8600","117,3700","117,9150","117,3700","0,37%"
"13.05.2022","117,4200","117,2050","117,4400","117,2050","0,14%"
"12.05.2022","117,2500","117,0850","117,2800","117,0200","0,15%"
"11.05.2022","117,0800","117,1000","117,1200","117,0100","0,13%"
"10.05.2022","116,9300","116,9200","116,9500","116,8350","0,15%"
"09.05.2022","116,7500","116,3050","116,7800","116,3050","0,49%"
"06.05.2022","116,1800","115,9600","116,3250","115,9600","0,03%"
"05.05.2022","116,1500","115,9600","116,1850","115,9600","0,12%"
"04.05.2022","116,0100","115,8750","116,0500","115,8300","0,12%"
"03.05.2022","115,8700","115,7350","115,8950","115,6750","0,12%"
"02.05.2022","115,7300","115,2650","115,8250","115,2650","0,36%"
"29.04.2022","115,3200","115,1350","115,3350","115,1350","0,11%"
"28.04.2022","115,1900","114,9800","115,1900","114,9800","0,14%"
"27.04.2022","115,0300","114,6400","115,0500","114,6400","0,17%"
"26.04.2022","114,8400","114,6900","114,8500","114,6350","0,14%"
"25.04.2022","114,6800","114,1850","114,7250","114,1850","0,49%"
"22.04.2022","114,1200","114,0350","114,2500","114,0350","0,04%"
"21.04.2022","114,0800","113,9250","114,1300","113,9000","0,10%"
"20.04.2022","113,9650","113,7350","113,9750","113,7350","0,16%"
"19.04.2022","113,7800","113,6900","113,7950","113,6900","0,15%"
"18.04.2022","113,6100","113,3350","113,7200","113,2950","0,64%"
"15.04.2022","112,8900","112,9150","112,9150","112,9150","0,07%"
"14.04.2022","112,8100","112,9100","112,9400","112,8600","-0,12%"
"13.04.2022","112,9500","112,7200","112,9600","112,7200","0,27%"
"12.04.2022","112,6500","112,5400","112,7700","112,5350","0,16%"
"11.04.2022","112,4700","112,1050","112,6150","112,1050","0,29%"
"08.04.2022","112,1500","111,9800","112,1650","111,9250","0,16%"
"07.04.2022","111,9700","111,8350","111,9900","111,6750","0,13%"
"06.04.2022","111,8300","111,6950","111,8800","111,6500","0,13%"
"05.04.2022","111,6900","111,5050","111,7350","111,5050","0,11%"
"04.04.2022","111,5700","111,0750","111,6100","111,0750","0,40%"
"01.04.2022","111,1200","110,9550","111,1400","110,9550","0,11%"
"31.03.2022","111,0000","111,0000","111,0100","110,9750","0,11%"
"30.03.2022","110,8800","110,8800","110,9450","110,8450","0,07%"
"29.03.2022","110,8000","110,7950","110,8250","110,7900","0,10%"
"28.03.2022","110,6850","110,1250","110,7100","110,1250","0,28%"
"25.03.2022","110,3800","110,1250","110,7650","110,1200","0,24%"
"24.03.2022","110,1200","110,1250","110,6250","110,0950","-0,05%"
"23.03.2022","110,1700","110,0700","110,1900","110,0700","0,10%"
"22.03.2022","110,0600","109,9700","110,0850","109,9700","0,09%"
"21.03.2022","109,9600","109,8800","110,0500","109,8150","0,26%"
"18.03.2022","109,6800","109,5950","109,6850","109,5700","0,16%"
"17.03.2022","109,5100","109,3650","109,5350","109,3650","0,09%"
"16.03.2022","109,4100","109,2700","109,4400","109,2700","0,19%"
"15.03.2022","109,2000","109,2650","109,3250","109,2500","0,01%"
"14.03.2022","109,1900","108,8450","109,2700","108,8450","0,32%"
"11.03.2022","108,8400","108,9050","108,9050","108,7700","0,06%"
"10.03.2022","108,7700","108,6950","108,8200","108,6950","0,07%"
"09.03.2022","108,6900","108,6800","108,6950","108,4400","0,13%"
"08.03.2022","108,5500","108,5200","109,0550","108,4400","0,10%"
"07.03.2022","108,4400","108,4700","108,4800","108,4450","0,39%"
"04.03.2022","108,0200","107,8850","108,1750","107,8850","-0,01%"
"03.03.2022","108,0300","107,9100","108,0700","107,8900","0,19%"
"02.03.2022","107,8200","107,7700","108,0300","107,6900","0,40%"
"01.03.2022","107,3900","107,4000","107,4250","107,3650","0,00%"
"28.02.2022","107,3900","107,3350","107,4300","107,3300","-0,05%"
"25.02.2022","107,4400","107,3350","107,4600","107,3350","0,07%"
"24.02.2022","107,3700","107,2450","107,4500","107,2450","0,08%"
"23.02.2022","107,2800","107,1450","107,3250","107,1450","0,08%"
"22.02.2022","107,1900","107,1750","107,2000","107,0900","0,12%"
"21.02.2022","107,0600","106,9400","107,0800","106,9400","0,26%"
"18.02.2022","106,7800","106,6300","106,7900","106,6300","0,10%"
"17.02.2022","106,6700","106,5250","106,6900","106,5200","0,14%"
"16.02.2022","106,5250","106,5800","106,5850","106,5250","0,16%"
"15.02.2022","106,3500","106,3200","106,4850","106,3200","0,09%"
"14.02.2022","106,2500","106,0650","106,4650","106,0650","0,10%"
"11.02.2022","106,1400","106,0150","106,1550","105,7650","0,12%"
"10.02.2022","106,0100","106,0150","106,0250","105,9950","0,12%"
"09.02.2022","105,8800","105,7650","105,9250","105,7650","0,08%"
"08.02.2022","105,8000","105,7850","105,8250","105,7250","0,22%"
"07.02.2022","105,5700","105,7500","105,7650","105,6250","0,26%"
"04.02.2022","105,3000","105,4300","105,4450","105,3600","0,03%"
"03.02.2022","105,2700","105,0750","105,3650","105,0750","0,10%"
"02.02.2022","105,1600","104,9800","105,2250","104,9800","0,04%"
"01.02.2022","105,1150","105,0723","105,2260","105,0723","0,11%"
"31.01.2022","105,0000","104,9350","105,0400","104,7900","0,16%"
"28.01.2022","104,8300","104,8500","104,8800","104,7800","0,08%"
"27.01.2022","104,7500","104,7050","104,8200","104,6550","0,05%"
"26.01.2022","104,7000","104,6200","104,7200","104,4750","0,09%"
"25.01.2022","104,6100","104,5050","104,6250","104,3000","0,18%"
"24.01.2022","104,4200","104,3000","104,5700","104,3000","0,08%"
"21.01.2022","104,3400","104,2800","104,3800","104,2550","0,12%"
"20.01.2022","104,2100","104,1850","104,3350","104,1850","0,07%"
"19.01.2022","104,1400","104,2550","104,3000","104,1900","0,08%"
"18.01.2022","104,0600","104,0300","104,2150","104,0300","0,04%"
"17.01.2022","104,0200","104,0550","104,0550","104,0550","0,17%"
"14.01.2022","103,8400","103,8450","103,8850","103,8150","0,08%"
"13.01.2022","103,7600","103,6650","103,8800","103,5850","0,10%"
"12.01.2022","103,6600","103,5400","103,6650","103,4900","0,19%"
"11.01.2022","103,4600","103,5850","103,5950","103,5150","0,01%"
"10.01.2022","103,4500","103,2450","103,5600","103,2450","0,16%"
"07.01.2022","103,2850","103,1000","103,3050","103,1000","0,06%"
"06.01.2022","103,2200","103,1400","103,2650","103,0750","0,17%"
"05.01.2022","103,0400","103,0500","103,1650","103,0450","-0,05%"
"04.01.2022","103,0900","102,9800","103,1100","102,9350","0,18%"
"03.01.2022","102,9000","103,0500","103,0700","102,6900","0,21%"
"31.12.2021","102,6800","102,6900","102,7150","102,6650","0,00%"
"30.12.2021","102,6800","102,6400","102,7650","102,6350","0,05%"
"29.12.2021","102,6300","102,6050","102,6950","102,5600","0,03%"
"28.12.2021","102,6000","102,5550","102,6550","102,5300","0,06%"
"27.12.2021","102,5400","102,2600","102,6100","102,2600","0,27%"
"24.12.2021","102,2600","102,3000","102,3000","102,2350","0,05%"
"23.12.2021","102,2100","102,2300","102,3700","102,2250","-0,06%"
"22.12.2021","102,2700","102,1850","102,3000","102,1850","0,15%"
"21.12.2021","102,1200","102,0900","102,2450","102,0900","-0,01%"
"20.12.2021","102,1350","101,9200","102,1850","101,9200","0,21%"
"17.12.2021","101,9200","101,8550","101,9750","101,8550","0,11%"
"16.12.2021","101,8100","101,7800","101,9300","101,7350","-0,01%"
"15.12.2021","101,8200","101,7350","101,8600","101,7350","0,16%"
"14.12.2021","101,6600","101,6650","101,8250","101,6650","0,06%"
"13.12.2021","101,6000","101,5000","101,7550","101,5000","0,11%"
"10.12.2021","101,4900","101,4750","101,6300","101,4550","-0,03%"
"09.12.2021","101,5200","101,5300","101,5700","101,4400","0,21%"
"08.12.2021","101,3100","101,3750","101,4050","101,3600","-0,10%"
"07.12.2021","101,4100","101,3800","101,4200","101,2500","0,23%"
"06.12.2021","101,1800","101,1200","101,3750","101,1200","0,13%"
"03.12.2021","101,0500","101,1450","101,1950","101,0150","0,06%"
"02.12.2021","100,9900","100,9800","101,1000","100,9550","0,09%"
"01.12.2021","100,9000","100,9400","101,0350","100,8900","-0,03%"
"30.11.2021","100,9300","100,9550","100,9650","100,8750","0,10%"
"29.11.2021","100,8300","100,6450","100,9650","100,6450","0,07%"
"26.11.2021","100,7600","100,4200","100,8050","100,4200","0,10%"
"25.11.2021","100,6600","100,6800","100,6800","100,6800","0,14%"
"24.11.2021","100,5200","100,6200","100,6450","100,5700","-0,05%"
"23.11.2021","100,5700","100,4100","100,6500","100,4100","0,22%"
"22.11.2021","100,3500","100,4150","100,4400","100,3800","-0,10%"
"19.11.2021","100,4500","100,3550","100,4900","100,3550","0,15%"
"18.11.2021","100,3000","100,3400","100,4150","100,2950","0,06%"
"17.11.2021","100,2400","100,2350","100,3850","100,2350","-0,05%"
"16.11.2021","100,2900","100,2750","100,3400","100,2250","0,02%"
"15.11.2021","100,2700","100,2800","100,3150","100,2600","0,16%"
"12.11.2021","100,1100","100,0900","100,2800","100,0900","-0,07%"
"11.11.2021","100,1800","100,1700","100,1950","100,1600","0,05%"
"10.11.2021","100,1300","100,1350","100,1500","100,0850","0,12%"
"09.11.2021","100,0100","100,0100","100,1200","99,9815","0,00%"
"08.11.2021","100,0100","99,9045","100,0850","99,9045","0,17%"
"05.11.2021","99,8430","99,9150","99,9650","99,8900","-0,01%"
"04.11.2021","99,8500","99,8725","99,9750","99,8675","0,04%"
"03.11.2021","99,8100","99,8255","99,9200","99,8230","0,05%"
"02.11.2021","99,7600","99,7950","99,8755","99,7450","0,05%"
"01.11.2021","99,7100","99,6410","99,8550","99,6410","0,09%"
"29.10.2021","99,6200","99,6055","99,7350","99,5955","-0,06%"
"28.10.2021","99,6800","99,6055","99,7250","99,6055","0,04%"
"27.10.2021","99,6400","99,5090","99,6500","99,5090","0,10%"
"26.10.2021","99,5400","99,4470","99,5550","99,4470","0,16%"
"25.10.2021","99,3810","99,3670","99,5150","99,3670","0,09%"
"22.10.2021","99,2940","99,3500","99,4150","99,3035","0,02%"
"21.10.2021","99,2710","99,3105","99,3810","99,2815","-0,08%"
"20.10.2021","99,3500","99,3100","99,3550","99,2605","0,05%"
"19.10.2021","99,3000","99,2305","99,3210","99,1525","0,03%"
"18.10.2021","99,2700","99,1495","99,3050","99,1375","0,19%"
"15.10.2021","99,0850","99,1100","99,2050","99,0145","0,13%"
"14.10.2021","98,9520","99,0800","99,1650","98,9810","0,03%"
"13.10.2021","98,9220","99,0500","99,1350","98,9710","0,03%"
"12.10.2021","98,8920","98,8585","99,1250","98,8585","0,04%"
"08.10.2021","98,8500","98,8600","98,8600","98,8550","0,00%"
"07.10.2021","98,8500","98,9100","98,9560","98,7815","-0,06%"
"06.10.2021","98,9100","98,8115","98,9450","98,8015","0,02%"
"05.10.2021","98,8900","98,8110","98,9250","98,7960","0,00%"
"04.10.2021","98,8900","98,7160","98,9250","98,7160","0,19%"
"01.10.2021","98,7060","98,6515","98,8100","98,6515","-0,02%"
"30.09.2021","98,7300","98,6700","98,7650","98,5730","0,22%"
"29.09.2021","98,5130","98,5745","98,7350","98,5745","-0,06%"
"28.09.2021","98,5700","98,5680","98,7010","98,5120","0,14%"
"27.09.2021","98,4340","98,4790","98,7000","98,4785","-0,14%"
"24.09.2021","98,5700","98,4900","98,5850","98,3960","0,24%"
"23.09.2021","98,3330","98,4900","98,5550","98,3865","-0,15%"
"22.09.2021","98,4800","98,3955","98,5550","98,3810","0,21%"
"21.09.2021","98,2720","98,4300","98,5150","98,3310","0,01%"
"20.09.2021","98,2630","98,2865","98,5150","98,2865","0,11%"
"17.09.2021","98,1540","98,2265","98,3850","98,2225","-0,15%"
"16.09.2021","98,3000","98,2050","98,3350","98,1135","0,25%"
"15.09.2021","98,0540","98,1700","98,2700","98,0765","0,04%"
"14.09.2021","98,0140","98,0970","98,2700","98,0970","-0,17%"
"13.09.2021","98,1850","98,0205","98,2450","98,0205","0,29%"
"10.09.2021","97,9040","97,9755","98,1250","97,9529","0,05%"
"09.09.2021","97,8540","98,0336","98,0850","97,9485","-0,15%"
"08.09.2021","98,0000","97,9080","98,0600","97,8975","0,22%"
"07.09.2021","97,7850","97,8625","98,0250","97,8625","-0,16%"
"06.09.2021","97,9400","97,9400","97,9850","97,9100","0,07%"
"03.09.2021","97,8700","97,8800","97,8850","97,8550","0,04%"
"02.09.2021","97,8300","97,7230","97,8550","97,7130","0,24%"
"01.09.2021","97,5960","97,6575","97,8300","97,6560","-0,15%"
"31.08.2021","97,7400","97,6295","97,7650","97,6285","0,24%"
"30.08.2021","97,5070","97,4970","97,7650","97,4970","0,15%"
"27.08.2021","97,3640","97,4455","97,5900","97,4455","0,04%"
"26.08.2021","97,3250","97,4400","97,5650","97,3625","0,04%"
"25.08.2021","97,2870","97,3510","97,5300","97,3510","-0,06%"
"24.08.2021","97,3500","97,3170","97,4595","97,2660","-0,05%"
"23.08.2021","97,4000","97,4300","97,4300","97,4050","0,19%"
"20.08.2021","97,2200","97,2800","97,3290","97,1635","-0,06%"
"19.08.2021","97,2800","97,1585","97,2950","97,1585","0,02%"
"18.08.2021","97,2600","97,1900","97,3050","97,1600","0,22%"
"17.08.2021","97,0460","97,0240","97,2800","97,0240","0,03%"
"16.08.2021","97,0200","96,9900","97,0890","96,9530","-0,08%"
"13.08.2021","97,1000","97,0350","97,1100","96,9380","0,23%"
"12.08.2021","96,8760","97,0050","97,1015","96,9135","0,03%"
"11.08.2021","96,8470","96,9425","97,0695","96,9380","-0,18%"
"10.08.2021","97,0200","96,9075","97,0500","96,8920","0,03%"
"09.08.2021","96,9900","96,8015","97,1850","96,8000","0,09%"
"06.08.2021","96,9000","96,8110","96,9500","96,8000","0,22%"
"05.08.2021","96,6900","96,8350","96,9013","96,7380","-0,14%"
"04.08.2021","96,8300","96,8800","96,9100","96,8200","0,03%"
"03.08.2021","96,8000","96,7999","96,8700","96,7900","0,01%"
"02.08.2021","96,7900","96,5750","96,8250","96,5700","0,11%"
"30.07.2021","96,6800","96,6450","96,7200","96,5550","0,24%"
"29.07.2021","96,4470","96,5280","96,6900","96,5280","-0,17%"
"28.07.2021","96,6100","96,5900","96,6510","96,3510","0,04%"
"27.07.2021","96,5700","96,5650","96,5950","96,5650","0,04%"
"26.07.2021","96,5300","96,4750","96,5350","96,4750","0,19%"
"23.07.2021","96,3510","96,3180","96,4570","96,3130","-0,05%"
"22.07.2021","96,4000","96,3950","96,4200","96,3000","0,04%"
"21.07.2021","96,3600","96,3650","96,3850","96,3500","0,03%"
"20.07.2021","96,3300","96,3200","96,3500","96,3200","0,03%"
"19.07.2021","96,3000","96,3100","96,3250","96,2600","0,09%"
"16.07.2021","96,2100","96,2150","96,2150","96,2150","0,03%"
"15.07.2021","96,1800","96,1850","96,1850","96,1850","0,03%"
"14.07.2021","96,1500","96,1404","96,1750","96,1250","0,03%"
"13.07.2021","96,1200","96,1153","96,1457","96,0950","0,03%"
"12.07.2021","96,0900","95,9040","96,1150","95,8345","0,16%"
"09.07.2021","95,9400","95,8985","95,9840","95,8345","-0,04%"
"08.07.2021","95,9800","95,9400","96,0106","95,8490","0,04%"
"07.07.2021","95,9400","95,8380","95,9762","95,8264","0,03%"
"06.07.2021","95,9100","95,8035","95,9395","95,8015","0,03%"
"05.07.2021","95,8800","95,7110","95,9050","95,7110","0,09%"
"02.07.2021","95,7900","95,6800","95,8150","95,6756","0,03%"
"01.07.2021","95,7600","95,6390","95,7850","95,6175","0,06%"
"30.06.2021","95,7000","95,6155","95,7500","95,6055","0,01%"
"29.06.2021","95,6900","95,5250","95,7060","95,5075","0,21%"
"28.06.2021","95,4890","95,5190","95,6960","95,4695","0,08%"
"25.06.2021","95,4090","95,4820","95,6145","95,4460","0,05%"
"24.06.2021","95,3620","95,4655","95,5785","95,4320","0,03%"
"23.06.2021","95,3340","95,4550","95,5540","95,3635","0,04%"
"22.06.2021","95,2970","95,2950","95,5150","95,2900","0,12%"
"21.06.2021","95,1800","95,3750","95,3845","95,2450","-0,21%"
"18.06.2021","95,3800","95,2750","95,3850","95,2705","0,03%"
"17.06.2021","95,3500","95,2350","95,3600","95,2350","0,04%"
"16.06.2021","95,3100","95,3200","95,3275","95,2195","0,12%"
"15.06.2021","95,1990","95,2750","95,2950","95,1695","-0,05%"
"14.06.2021","95,2500","95,0645","95,2700","95,0480","0,13%"
"11.06.2021","95,1300","95,0190","95,1595","95,0013","0,04%"
"10.06.2021","95,0900","95,0785","95,1150","95,0733","0,04%"
"09.06.2021","95,0500","94,9295","95,0850","94,9295","0,24%"
"08.06.2021","94,8200","94,8980","95,0245","94,8980","0,04%"
"07.06.2021","94,7780","94,7785","95,0100","94,7785","0,01%"
"04.06.2021","94,7700","94,7305","94,8800","94,7105","0,16%"
"03.06.2021","94,6210","94,6465","94,8326","94,6465","-0,16%"
"02.06.2021","94,7700","94,6465","94,7800","94,6465","0,14%"
"01.06.2021","94,6400","94,6185","94,7480","94,5750","0,16%"
"31.05.2021","94,4900","94,4600","94,7040","94,4600","-0,08%"
"28.05.2021","94,5650","94,4505","94,5700","94,4000","0,13%"
"27.05.2021","94,4400","94,5150","94,5455","94,4005","-0,04%"
"26.05.2021","94,4800","94,2100","94,4900","94,1515","0,28%"
"25.05.2021","94,2150","94,2100","94,2750","94,2000","0,14%"
"24.05.2021","94,0830","94,2010","94,2835","94,1565","0,00%"
"21.05.2021","94,0830","94,1605","94,2950","94,1110","-0,17%"
"20.05.2021","94,2450","94,2000","94,2450","94,0815","0,05%"
"19.05.2021","94,2000","94,1200","94,2300","94,0315","0,24%"
"18.05.2021","93,9730","94,0640","94,1850","94,0555","0,03%"
"17.05.2021","93,9420","93,9685","94,1550","93,9685","0,10%"
"14.05.2021","93,8520","93,9370","94,0680","93,9235","-0,17%"
"13.05.2021","94,0100","93,9005","94,0358","93,8973","0,03%"
"12.05.2021","93,9800","93,8650","94,0000","93,8650","0,13%"
"11.05.2021","93,8600","93,8800","93,9675","93,2750","0,14%"
"10.05.2021","93,7320","93,7185","93,9800","93,2750","-0,10%"
"07.05.2021","93,8300","93,2750","93,8540","93,2750","0,04%"
"06.05.2021","93,7900","93,7200","93,8050","93,2700","0,24%"
"05.05.2021","93,5640","93,6315","93,7650","93,2750","-0,16%"
"04.05.2021","93,7100","93,5915","93,7200","93,2750","0,04%"
"03.05.2021","93,6700","93,4805","93,8100","93,2750","0,33%"
"30.04.2021","93,3630","93,3510","93,6250","93,3510","-0,10%"
"29.04.2021","93,4600","93,4400","93,5450","93,2615","0,03%"
"28.04.2021","93,4300","93,1935","93,4350","93,1830","0,11%"
"27.04.2021","93,3300","93,1935","93,3400","93,1830","0,06%"
"26.04.2021","93,2700","93,0415","93,2850","93,0320","0,16%"
"23.04.2021","93,1200","92,9915","93,1350","92,9565","0,05%"
"22.04.2021","93,0700","92,9580","93,0855","92,9340","0,24%"
"21.04.2021","92,8440","92,8530","93,0445","92,8530","-0,14%"
"20.04.2021","92,9700","92,8435","92,9850","92,8320","0,05%"
"19.04.2021","92,9200","92,7140","92,9900","92,7115","0,14%"
"16.04.2021","92,7900","92,5930","92,8000","92,5930","0,08%"
"15.04.2021","92,7200","92,5930","92,7350","92,5930","0,06%"
"14.04.2021","92,6600","92,6850","92,6850","92,6700","0,04%"
"13.04.2021","92,6200","92,4930","92,6400","92,4830","0,05%"
"12.04.2021","92,5700","92,3545","92,6000","92,3035","0,35%"
"09.04.2021","92,2470","92,3095","92,4500","92,3095","0,06%"
"08.04.2021","92,1950","92,2570","92,4100","92,2570","0,05%"
"07.04.2021","92,1450","92,3550","92,3550","92,2425","-0,15%"
"06.04.2021","92,2800","92,2750","92,3000","92,1925","0,25%"
"05.04.2021","92,0460","91,6045","92,3700","91,6045","0,61%"
"02.04.2021","91,4880","91,6305","91,7330","91,4250","-0,19%"
"01.04.2021","91,6600","91,8910","91,9225","91,5805","-0,35%"
"31.03.2021","91,9800","91,9500","92,0150","91,8635","0,03%"
"30.03.2021","91,9500","91,9200","91,9800","91,8280","0,04%"
"29.03.2021","91,9100","91,7190","92,0850","91,7190","0,08%"
"26.03.2021","91,8400","91,7100","91,8600","91,6830","0,28%"
"25.03.2021","91,5860","91,4500","91,8000","91,4450","0,16%"
"24.03.2021","91,4400","91,5715","91,5805","91,4400","-0,01%"
"23.03.2021","91,4480","91,5700","91,6625","91,4745","-0,12%"
"22.03.2021","91,5600","91,2905","91,5800","91,2635","0,43%"
"19.03.2021","91,1670","91,2105","91,3730","91,2095","-0,12%"
"18.03.2021","91,2800","91,1260","91,2950","91,0715","0,09%"
"17.03.2021","91,2000","91,1400","91,2100","91,1350","0,08%"
"16.03.2021","91,1300","91,0700","91,1500","91,0650","0,08%"
"15.03.2021","91,0600","90,7775","91,1000","90,7775","0,31%"
"12.03.2021","90,7800","90,7900","90,8800","90,6955","0,00%"
"11.03.2021","90,7800","90,7600","90,8000","90,6965","0,08%"
"10.03.2021","90,7100","90,6950","90,7390","90,6245","0,28%"
"09.03.2021","90,4550","90,4945","90,6695","90,4450","-0,04%"
"08.03.2021","90,4900","90,2835","90,6300","90,1500","0,34%"
"05.03.2021","90,1790","90,3750","90,3750","90,0150","-0,12%"
"04.03.2021","90,2900","90,2750","90,3000","90,2250","0,08%"
"03.03.2021","90,2200","90,1600","90,2500","90,0150","0,08%"
"02.03.2021","90,1500","90,0040","90,1750","89,8250","0,08%"
"01.03.2021","90,0800","89,7425","90,1150","89,7335","0,29%"
"26.02.2021","89,8200","89,8200","89,8340","89,6535","0,08%"
"25.02.2021","89,7500","89,7550","89,7550","89,7500","0,10%"
"24.02.2021","89,6600","89,4600","89,6700","89,2350","0,23%"
"23.02.2021","89,4500","89,3085","89,5630","89,3005","0,02%"
"22.02.2021","89,4300","89,0705","89,4530","89,0215","0,42%"
"19.02.2021","89,0600","89,1400","89,1640","89,0215","0,01%"
"18.02.2021","89,0500","88,9500","89,0550","88,8085","0,12%"
"17.02.2021","88,9400","88,4530","88,9500","88,4530","0,55%"
"16.02.2021","88,4500","88,4620","88,5210","88,4050","0,11%"
"15.02.2021","88,3500","88,4530","88,4530","88,4530","-0,11%"
"12.02.2021","88,4500","88,5300","88,5500","88,3985","0,01%"
"11.02.2021","88,4400","88,3700","88,4600","88,1855","0,09%"
"10.02.2021","88,3600","88,2700","88,3700","88,2700","0,11%"
"09.02.2021","88,2600","88,1650","88,2800","88,0775","0,11%"
"08.02.2021","88,1600","87,9260","88,1740","87,8790","0,38%"
"05.02.2021","87,8240","87,9200","88,0140","87,7185","-0,10%"
"04.02.2021","87,9100","87,7260","87,9200","87,6610","0,13%"
"03.02.2021","87,8000","87,6335","87,8290","87,6180","0,11%"
"02.02.2021","87,7000","87,6513","87,7230","87,5655","0,11%"
"01.02.2021","87,6000","87,4505","87,6300","87,2641","0,34%"
"29.01.2021","87,3000","87,1500","87,3300","87,1225","0,18%"
"28.01.2021","87,1400","87,0365","87,2335","87,0354","0,03%"
"27.01.2021","87,1100","86,9400","87,1520","86,8920","0,21%"
"26.01.2021","86,9300","86,8750","87,0550","86,7825","0,24%"
"25.01.2021","86,7250","86,8900","86,9385","86,4955","0,39%"
"22.01.2021","86,3870","86,4250","86,5820","86,1440","-0,04%"
"21.01.2021","86,4200","86,4100","86,4550","86,4100","0,09%"
"20.01.2021","86,3400","86,2100","86,3500","86,1185","0,16%"
"19.01.2021","86,2000","85,5740","86,2200","85,3800","0,16%"
"18.01.2021","86,0600","86,0700","86,0700","86,0700","0,38%"
"15.01.2021","85,7300","85,6500","85,7350","85,3800","0,11%"
"14.01.2021","85,6400","85,6000","85,6635","85,3750","0,11%"
"13.01.2021","85,5500","85,9700","86,0185","85,3395","0,11%"
"12.01.2021","85,4600","85,3200","85,9700","85,2945","0,31%"
"11.01.2021","85,1990","84,9295","85,4020","84,8855","0,09%"
"08.01.2021","85,1200","84,9300","85,1250","84,8855","0,34%"
"07.01.2021","84,8310","84,9050","85,0310","84,7185","-0,08%"
"06.01.2021","84,9000","84,8000","84,9100","84,8000","0,13%"
"05.01.2021","84,7900","84,6550","84,8035","84,5755","0,32%"
"04.01.2021","84,5210","84,0875","84,7945","84,0705","-0,70%"
"01.01.2021","85,1154","85,1260","85,1260","84,5061","1,23%"
"31.12.2020","84,0800","83,9580","84,1410","83,9580","-0,07%"
"30.12.2020","84,1400","84,0250","84,1500","83,8395","0,14%"
"29.12.2020","84,0200","83,8750","84,0300","83,7865","0,34%"
"28.12.2020","83,7330","83,9000","83,9230","83,8215","0,66%"
"24.12.2020","83,1800","83,2800","83,3235","83,2350","-0,20%"
"23.12.2020","83,3500","83,2450","83,3650","83,1090","0,13%"
"22.12.2020","83,2400","83,1150","83,2670","83,0290","0,32%"
"21.12.2020","82,9740","82,7715","83,1670","82,7715","0,38%"
"18.12.2020","82,6640","82,8350","82,8510","82,5560","-0,06%"
"17.12.2020","82,7100","82,5950","82,7200","82,5100","0,30%"
"16.12.2020","82,4600","82,4590","82,6360","82,4590","-0,01%"
"15.12.2020","82,4700","82,3800","82,5605","82,3390","0,12%"
"14.12.2020","82,3700","82,1445","82,4645","82,0975","0,28%"
"11.12.2020","82,1400","82,0660","82,2310","82,0225","0,01%"
"10.12.2020","82,1300","81,9760","82,1470","81,9215","0,11%"
"09.12.2020","82,0400","81,5850","82,0500","81,5850","0,56%"
"08.12.2020","81,5800","81,5820","81,6365","81,5385","0,12%"
"07.12.2020","81,4800","81,5705","81,5995","81,4820","-0,22%"
"04.12.2020","81,6600","81,4980","81,6650","81,4980","0,32%"
"03.12.2020","81,4000","81,4215","81,5780","81,3850","-0,10%"
"02.12.2020","81,4800","81,3255","81,5030","81,3255","0,06%"
"01.12.2020","81,4300","81,3050","81,4370","81,2220","0,16%"
"30.11.2020","81,3000","81,0040","81,3100","81,0040","0,30%"
"27.11.2020","81,0600","80,8195","81,4550","80,8195","0,23%"
"26.11.2020","80,8700","80,7950","80,8850","80,7950","0,10%"
"25.11.2020","80,7900","80,6850","80,7980","80,6115","0,14%"
"24.11.2020","80,6800","80,2850","80,7000","80,2850","0,49%"
"23.11.2020","80,2900","80,2885","80,3500","80,2455","-0,07%"
"20.11.2020","80,3500","80,2750","80,3680","80,1955","0,10%"
"19.11.2020","80,2700","80,0950","80,2880","80,0455","0,35%"
"18.11.2020","79,9910","80,0350","80,1790","79,9500","-0,05%"
"17.11.2020","80,0300","79,9600","80,0430","79,8795","0,10%"
"16.11.2020","79,9500","79,6035","79,9630","79,6035","0,26%"
"13.11.2020","79,7400","79,5050","79,7600","79,5050","0,30%"
"12.11.2020","79,5000","79,4350","79,5990","79,4110","0,22%"
"11.11.2020","79,3220","79,3645","79,5060","79,3375","-0,06%"
"10.11.2020","79,3700","79,2650","79,4520","79,2455","0,24%"
"09.11.2020","79,1780","79,0345","79,3660","79,0265","0,19%"
"06.11.2020","79,0300","79,0850","79,1085","78,9860","-0,06%"
"05.11.2020","79,0800","78,9950","79,1050","78,8650","0,27%"
"04.11.2020","78,8650","78,6120","79,0555","78,6120","-0,07%"
"03.11.2020","78,9200","78,6900","78,9300","78,6900","0,31%"
"02.11.2020","78,6800","78,2140","78,6980","78,1935","0,46%"
"30.10.2020","78,3200","78,2950","78,3410","78,1880","0,04%"
"29.10.2020","78,2900","78,2345","78,3230","78,2115","-0,01%"
"28.10.2020","78,3000","78,3060","78,3520","78,2115","0,00%"
"27.10.2020","78,3000","78,2000","78,3200","78,1370","0,28%"
"26.10.2020","78,0840","78,0600","78,2580","78,0545","-0,05%"
"23.10.2020","78,1200","77,9900","78,1400","77,9850","0,17%"
"22.10.2020","77,9900","77,6700","78,0795","77,6240","0,41%"
"21.10.2020","77,6700","77,6550","77,7660","77,5585","0,21%"
"20.10.2020","77,5070","77,5035","77,7220","77,5010","-0,08%"
"19.10.2020","77,5700","77,4620","77,6150","77,4620","0,26%"
"16.10.2020","77,3680","77,4065","77,5600","77,3930","-0,13%"
"15.10.2020","77,4700","77,4100","77,5100","77,3330","0,09%"
"14.10.2020","77,4000","77,3625","77,4980","77,3275","0,19%"
"13.10.2020","77,2500","77,0005","77,4400","76,9980","0,14%"
"09.10.2020","77,1400","77,0540","77,1555","76,9575","0,04%"
"08.10.2020","77,1100","77,0950","77,1200","76,9980","0,01%"
"07.10.2020","77,1000","77,0850","77,1225","76,9520","0,05%"
"06.10.2020","77,0600","77,0500","77,1200","76,9465","0,16%"
"05.10.2020","76,9400","76,8860","77,0800","76,8695","0,20%"
"02.10.2020","76,7890","76,1770","76,9600","76,1770","0,80%"
"01.10.2020","76,1800","76,1800","76,2605","76,0690","0,01%"
"30.09.2020","76,1700","76,1200","76,1800","76,1150","0,08%"
"29.09.2020","76,1100","75,9865","76,1225","75,9865","0,08%"
"28.09.2020","76,0500","75,7835","76,0625","75,7760","0,48%"
"25.09.2020","75,6870","75,7800","75,8600","75,6445","-0,11%"
"24.09.2020","75,7700","75,6800","75,7800","75,6500","0,28%"
"23.09.2020","75,5580","75,5770","75,7375","75,5680","0,09%"
"22.09.2020","75,4890","75,5230","75,6525","75,5150","-0,03%"
"21.09.2020","75,5100","75,5850","75,6000","75,3070","0,39%"
"18.09.2020","75,2190","75,1825","75,3900","75,1825","-0,12%"
"17.09.2020","75,3100","75,2150","75,3200","75,1800","0,29%"
"16.09.2020","75,0900","75,1175","75,2575","75,1175","-0,05%"
"15.09.2020","75,1300","75,0550","75,2150","75,0475","0,11%"
"14.09.2020","75,0500","75,0100","75,1300","74,9750","0,29%"
"11.09.2020","74,8300","74,7750","74,9135","74,7400","0,20%"
"10.09.2020","74,6800","74,7200","74,8550","74,6650","0,09%"
"09.09.2020","74,6100","74,6380","74,7725","74,6380","-0,03%"
"08.09.2020","74,6300","74,3685","74,7125","74,3685","-0,01%"
"07.09.2020","74,6400","74,6450","74,6450","74,6450","0,30%"
"04.09.2020","74,4200","74,3080","74,4425","74,3005","0,15%"
"03.09.2020","74,3100","74,1785","74,3900","74,1785","0,00%"
"02.09.2020","74,3100","74,3150","74,3225","74,2405","0,09%"
"01.09.2020","74,2400","74,1310","74,2525","74,1310","0,29%"
"31.08.2020","74,0220","73,9350","74,1975","73,9275","0,24%"
"28.08.2020","73,8420","73,8775","74,0100","73,8775","0,08%"
"27.08.2020","73,7850","73,8030","73,9500","73,8030","0,11%"
"26.08.2020","73,7010","73,7460","73,8750","73,7460","0,07%"
"25.08.2020","73,6520","73,6670","73,8200","73,6670","0,11%"
"24.08.2020","73,5740","73,5020","73,7400","73,5020","0,01%"
"21.08.2020","73,5700","73,4720","73,6025","73,4720","0,27%"
"20.08.2020","73,3690","73,3390","73,5400","73,3390","-0,14%"
"19.08.2020","73,4700","73,3365","73,4750","73,3290","0,11%"
"18.08.2020","73,3900","73,1000","73,4100","73,0570","0,40%"
"17.08.2020","73,1000","73,0405","73,1600","73,0275","-0,07%"
"14.08.2020","73,1500","73,1300","73,1550","73,1300","0,27%"
"13.08.2020","72,9550","72,9845","73,1130","72,9795","-0,12%"
"12.08.2020","73,0400","72,9420","73,0535","72,9170","0,27%"
"11.08.2020","72,8440","72,8920","73,0150","72,8890","-0,05%"
"10.08.2020","72,8800","72,6375","72,9650","72,6175","0,16%"
"07.08.2020","72,7600","72,6375","72,7700","72,6310","0,10%"
"06.08.2020","72,6900","72,5660","72,7100","72,5585","0,31%"
"05.08.2020","72,4660","72,4500","72,6305","72,4500","-0,13%"
"04.08.2020","72,5600","72,4900","72,5700","72,4125","0,27%"
"03.08.2020","72,3650","72,2495","72,5275","72,1900","0,08%"
"31.07.2020","72,3100","72,1900","72,3230","72,1900","0,08%"
"30.07.2020","72,2500","72,1300","72,2620","72,1295","0,08%"
"29.07.2020","72,1900","72,0715","72,2030","72,0280","0,08%"
"28.07.2020","72,1300","72,0350","72,1425","71,9675","0,28%"
"27.07.2020","71,9260","71,9850","72,0820","71,9850","0,13%"
"24.07.2020","71,8300","71,7700","71,9090","71,7635","0,20%"
"23.07.2020","71,6860","71,6505","71,8440","71,6485","-0,12%"
"22.07.2020","71,7700","71,7450","71,7800","71,7450","0,08%"
"21.07.2020","71,7100","71,6300","71,7220","71,5630","0,29%"
"20.07.2020","71,5060","71,4245","71,6830","71,4245","0,05%"
"17.07.2020","71,4700","71,3575","71,4800","71,3575","0,28%"
"16.07.2020","71,2670","71,3200","71,4220","71,2535","0,08%"
"15.07.2020","71,2070","71,1700","71,3620","71,1650","-0,02%"
"14.07.2020","71,2200","71,2050","71,3090","71,1340","0,19%"
"13.07.2020","71,0880","70,8750","71,2420","70,8750","0,32%"
"10.07.2020","70,8600","70,8780","70,9310","70,8340","0,10%"
"09.07.2020","70,7880","70,8850","70,9620","70,8390","0,00%"
"08.07.2020","70,7880","70,8650","70,9490","70,7995","-0,12%"
"07.07.2020","70,8700","70,7510","70,8820","70,7140","0,10%"
"06.07.2020","70,8000","70,3915","70,8290","70,3915","0,24%"
"03.07.2020","70,6300","70,6350","70,6500","70,6050","0,09%"
"02.07.2020","70,5700","70,5750","70,5900","70,5450","0,09%"
"01.07.2020","70,5100","70,4600","70,5300","70,4600","0,29%"
"30.06.2020","70,3090","70,3495","70,4700","70,3495","0,07%"
"29.06.2020","70,2590","70,1525","70,4170","70,1250","0,27%"
"26.06.2020","70,0700","70,0920","70,2225","70,0920","-0,11%"
"25.06.2020","70,1500","70,0325","70,1670","69,9950","0,10%"
"24.06.2020","70,0800","70,0950","70,1030","69,9720","0,07%"
"23.06.2020","70,0300","69,9300","70,0470","69,8800","0,16%"
"22.06.2020","69,9200","69,7460","70,0010","69,7320","0,26%"
"19.06.2020","69,7400","69,6815","69,8160","69,6715","0,21%"
"18.06.2020","69,5930","69,6200","69,7500","69,5755","0,09%"
"17.06.2020","69,5310","69,6200","69,7030","69,5345","-0,11%"
"16.06.2020","69,6100","69,3400","69,6560","69,2905","0,55%"
"15.06.2020","69,2310","69,2525","69,3880","69,2505","-0,20%"
"12.06.2020","69,3700","69,3450","69,3900","69,1762","0,09%"
"11.06.2020","69,3100","69,1035","69,3300","69,0222","0,10%"
"10.06.2020","69,2400","69,1300","69,2770","69,0880","0,31%"
"09.06.2020","69,0230","69,0500","69,1800","68,9845","0,14%"
"08.06.2020","68,9290","68,9215","69,1170","68,9125","0,13%"
"05.06.2020","68,8390","68,8350","69,0110","68,7910","0,13%"
"04.06.2020","68,7530","68,7415","68,9090","68,7345","-0,05%"
"03.06.2020","68,7900","68,6800","68,8550","68,6145","0,32%"
"02.06.2020","68,5730","68,5630","68,7270","68,5630","0,02%"
"01.06.2020","68,5600","68,4785","68,6470","68,4345","0,25%"
"29.05.2020","68,3890","68,4100","68,5470","67,9950","0,13%"
"28.05.2020","68,3030","68,3300","68,4563","67,9950","0,13%"
"27.05.2020","68,2130","68,2400","68,3695","67,9950","0,14%"
"26.05.2020","68,1170","68,1095","68,3225","67,9475","-0,08%"
"22.05.2020","68,1700","68,0310","68,1900","67,9374","0,33%"
"21.05.2020","67,9440","67,9300","68,1180","67,8970","0,02%"
"20.05.2020","67,9300","67,9500","68,0095","67,6715","0,04%"
"19.05.2020","67,9000","67,8150","67,9100","67,6715","0,13%"
"18.05.2020","67,8100","67,7700","67,8200","67,7700","0,33%"
"15.05.2020","67,5850","67,5750","67,7400","67,5745","0,01%"
"14.05.2020","67,5800","67,4950","67,6610","67,4525","0,26%"
"13.05.2020","67,4050","67,4300","67,5650","67,3625","0,13%"
"12.05.2020","67,3150","67,3750","67,4765","67,3025","-0,02%"
"11.05.2020","67,3300","67,0350","67,3955","67,0350","0,09%"
"08.05.2020","67,2700","67,0350","67,3030","67,0350","0,16%"
"07.05.2020","67,1600","67,0540","67,2065","66,9930","0,30%"
"06.05.2020","66,9560","66,9450","67,1145","66,9130","0,13%"
"05.05.2020","66,8660","66,8950","67,0265","66,8275","0,12%"
"04.05.2020","66,7850","66,7720","66,9560","66,7720","0,26%"
"01.05.2020","66,6100","66,7720","66,7850","66,0300","-0,24%"
"30.04.2020","66,7700","66,7900","66,8505","66,6850","0,15%"
"29.04.2020","66,6700","66,5725","66,7615","66,5360","0,17%"
"28.04.2020","66,5600","66,4550","66,6415","66,4210","0,17%"
"27.04.2020","66,4500","66,2550","66,5430","66,0300","0,25%"
"24.04.2020","66,2870","66,2615","66,4400","66,0300","0,17%"
"23.04.2020","66,1770","66,1655","66,3365","66,0158","-0,03%"
"22.04.2020","66,2000","66,0470","66,2780","65,9955","0,38%"
"21.04.2020","65,9510","65,9195","66,1087","65,8655","0,05%"
"20.04.2020","65,9200","65,7985","66,0015","65,7985","0,19%"
"17.04.2020","65,7950","65,7150","65,8798","65,6520","0,29%"
"16.04.2020","65,6040","65,5670","65,7568","65,5265","0,18%"
"15.04.2020","65,4830","65,4200","65,6277","65,4200","0,11%"
"14.04.2020","65,4100","65,3145","65,5117","64,4480","0,36%"
"13.04.2020","65,1770","64,4480","65,4082","64,3625","1,00%"
"10.04.2020","64,5300","64,5650","64,5650","64,5400","-0,66%"
"09.04.2020","64,9580","65,1200","65,1245","65,0190","-0,01%"
"08.04.2020","64,9650","64,9920","65,1765","64,9920","0,15%"
"07.04.2020","64,8700","64,9210","65,0855","64,9210","0,12%"
"06.04.2020","64,7900","64,8195","65,0133","64,8195","-0,18%"
"03.04.2020","64,9050","64,4480","64,9303","64,4395","0,30%"
"02.04.2020","64,7100","64,4480","64,7402","64,2805","0,58%"
"01.04.2020","64,3350","64,3500","64,5502","64,2620","0,20%"
"31.03.2020","64,2040","64,3790","64,4525","64,2985","-0,29%"
"30.03.2020","64,3900","64,4095","64,5619","64,2355","0,27%"
"27.03.2020","64,2150","64,1460","64,5338","64,1460","0,28%"
"26.03.2020","64,0340","64,0100","64,2510","63,6630","0,29%"
"25.03.2020","63,8510","63,6805","64,0675","63,6415","0,28%"
"24.03.2020","63,6750","63,6870","63,7700","63,6340","0,15%"
"23.03.2020","63,5780","63,6855","63,7815","63,6340","-0,29%"
"20.03.2020","63,7600","63,4700","63,7865","63,4700","0,64%"
"19.03.2020","63,3540","63,2450","63,5690","63,2400","0,35%"
"18.03.2020","63,1350","63,0935","63,3950","63,0345","0,06%"
"17.03.2020","63,0950","62,9550","63,1840","62,9550","0,25%"
"16.03.2020","62,9400","62,7975","63,0440","62,7975","0,08%"
"13.03.2020","62,8900","62,7600","62,9072","62,6205","0,56%"
"12.03.2020","62,5410","62,7438","62,8317","62,5815","-0,05%"
"11.03.2020","62,5700","62,2445","62,6835","62,2445","0,28%"
"10.03.2020","62,3960","62,4515","62,6365","62,4285","0,09%"
"09.03.2020","62,3370","62,2445","62,6400","62,2445","0,08%"
"06.03.2020","62,2870","62,2445","62,5298","62,2285","0,09%"
"05.03.2020","62,2290","62,3600","62,4297","62,1250","-0,20%"
"04.03.2020","62,3550","62,2305","62,3997","62,1930","0,39%"
"03.03.2020","62,1150","62,1725","62,3208","62,1430","0,09%"
"02.03.2020","62,0610","62,1250","62,2682","62,0990","-0,09%"
"28.02.2020","62,1200","62,0600","62,2298","62,0090","0,10%"
"27.02.2020","62,0550","62,0230","62,3100","61,9840","0,25%"
"26.02.2020","61,8980","61,8050","62,1118","61,7140","0,41%"
"25.02.2020","61,6480","61,7300","61,8580","61,6940","-0,13%"
"24.02.2020","61,7300","61,7755","61,8450","61,6990","0,13%"
"21.02.2020","61,6480","61,7715","61,8915","61,6795","0,08%"
"20.02.2020","61,5990","61,6595","61,8597","61,6595","0,10%"
"19.02.2020","61,5380","61,5835","61,7515","61,5620","0,10%"
"18.02.2020","61,4740","61,5135","61,6898","61,3214","-0,12%"
"17.02.2020","61,5500","61,4595","61,6500","61,4595","0,31%"
"14.02.2020","61,3600","61,2955","61,4647","61,2865","0,09%"
"13.02.2020","61,3050","61,1520","61,4128","61,1520","0,43%"
"12.02.2020","61,0440","61,0600","61,2458","61,0010","0,18%"
"11.02.2020","60,9320","60,4395","61,1512","60,9090","0,24%"
"10.02.2020","60,7890","60,6940","60,9972","60,6940","0,16%"
"07.02.2020","60,6900","60,6115","60,7873","60,5985","0,32%"
"06.02.2020","60,4970","60,5435","60,7025","60,5215","0,16%"
"05.02.2020","60,4030","60,4995","60,6297","60,4750","-0,16%"
"04.02.2020","60,5000","60,4265","60,6068","60,1600","0,38%"
"03.02.2020","60,2710","59,9880","60,5610","59,9880","0,00%"
"31.01.2020","60,2700","60,1650","60,3665","60,1595","0,34%"
"30.01.2020","60,0650","60,1690","60,2775","60,0945","0,03%"
"29.01.2020","60,0450","60,1025","60,2605","59,9290","-0,07%"
"28.01.2020","60,0900","60,0910","60,1975","59,9400","0,18%"
"27.01.2020","59,9840","59,9880","60,1815","59,9700","-0,03%"
"24.01.2020","60,0000","59,9990","60,1400","59,9530","-0,02%"
"23.01.2020","60,0100","60,0185","60,1310","59,9580","0,05%"
"22.01.2020","59,9800","60,1025","60,1905","59,8475","-0,18%"
"21.01.2020","60,0900","60,0050","60,1175","59,9400","0,23%"
"20.01.2020","59,9500","60,0000","60,0750","59,9750","-0,08%"
"17.01.2020","60,0000","59,8950","60,0375","59,8900","0,18%"
"16.01.2020","59,8900","59,8760","60,0500","59,8390","0,20%"
"15.01.2020","59,7700","59,7340","60,0670","59,7340","-0,35%"
"14.01.2020","59,9800","59,7340","60,0915","59,7340","0,08%"
"13.01.2020","59,9300","59,9025","59,9850","59,7400","0,50%"
"10.01.2020","59,6300","59,7350","59,9700","59,6500","-0,17%"
"09.01.2020","59,7300","59,7370","59,9175","59,6905","-0,13%"
"08.01.2020","59,8100","59,7585","59,8825","59,7077","0,31%"
"07.01.2020","59,6280","59,8190","59,9085","59,6840","-0,01%"
"06.01.2020","59,6360","59,7320","59,8600","59,7243","-0,16%"
"03.01.2020","59,7300","59,8190","59,9210","59,6540","-0,12%"
"02.01.2020","59,8000","59,8190","59,9370","59,6632","-0,12%"
"01.01.2020","59,8700","59,8700","59,8700","59,8700","0,02%"
"31.12.2019","59,8600","59,8700","59,8725","59,8700","-0,02%"
"30.12.2019","59,8700","59,9025","59,9750","59,8200","0,10%"
"27.12.2019","59,8100","59,9050","59,9600","59,8150","0,23%"
"26.12.2019","59,6750","59,8190","60,0350","59,6780","-0,03%"
"25.12.2019","59,6900","59,6900","59,6900","59,6900","0,02%"
"24.12.2019","59,6800","59,9365","60,0330","59,6130","-0,21%"
"23.12.2019","59,8050","59,7330","60,0205","59,7253","0,29%"
"20.12.2019","59,6330","59,8450","59,9225","59,6810","-0,17%"
"19.12.2019","59,7350","59,7595","59,9700","59,6845","0,18%"
"18.12.2019","59,6290","59,7505","59,9550","59,7220","-0,01%"
"17.12.2019","59,6320","59,7315","59,9550","59,6855","-0,16%"
"16.12.2019","59,7300","59,7705","59,9160","59,6750","0,16%"
"13.12.2019","59,6350","59,7445","59,9700","59,6905","0,01%"
"12.12.2019","59,6320","59,7400","59,8850","59,6555","0,00%"
"11.12.2019","59,6320","59,7450","59,9000","59,6910","-0,17%"
"10.12.2019","59,7350","60,2150","60,2425","59,5985","-0,29%"
"09.12.2019","59,9100","59,5985","60,0085","59,5985","0,24%"
"06.12.2019","59,7640","59,8960","59,9895","59,8470","-0,33%"
"05.12.2019","59,9600","59,8300","59,9860","59,7640","0,44%"
"04.12.2019","59,6980","59,8365","59,9550","59,7740","-0,05%"
"03.12.2019","59,7300","59,8400","59,9700","59,5985","-0,08%"
"02.12.2019","59,7800","59,8410","59,9970","59,7900","-0,22%"
"29.11.2019","59,9100","59,7500","59,9650","59,7150","0,23%"
"28.11.2019","59,7700","59,7750","59,7750","59,7750","-0,22%"
"27.11.2019","59,9000","59,8950","59,9450","59,5390","0,13%"
"26.11.2019","59,8250","59,6460","59,9350","59,5390","0,50%"
"25.11.2019","59,5260","59,7190","59,8250","59,5680","-0,42%"
"22.11.2019","59,7800","59,5985","59,8925","59,5390","-0,02%"
"21.11.2019","59,7900","59,5985","59,9125","59,5390","0,42%"
"20.11.2019","59,5390","59,5985","59,7810","59,5390","0,05%"
"19.11.2019","59,5080","59,4290","59,7850","59,4290","0,36%"
"18.11.2019","59,2960","59,5985","59,6760","59,3930","-0,32%"
"15.11.2019","59,4880","59,5925","59,8000","59,5250","-0,19%"
"14.11.2019","59,6000","59,6750","59,8350","59,5390","0,11%"
"13.11.2019","59,5360","59,5620","59,8500","59,5300","0,04%"
"12.11.2019","59,5130","59,5620","59,8550","59,4700","0,02%"
"11.11.2019","59,5000","59,5500","59,6820","59,4630","0,01%"
"08.11.2019","59,4950","59,6750","59,7300","59,4200","-0,16%"
"07.11.2019","59,5900","59,6600","59,8000","59,5040","-0,11%"
"06.11.2019","59,6550","59,6600","59,6650","59,6575","0,00%"
"05.11.2019","59,6550","59,7250","59,7600","59,4730","0,03%"
"04.11.2019","59,6400","59,6515","59,8700","59,5240","0,20%"
"01.11.2019","59,5190","59,5685","59,8665","59,4795","-0,07%"
"31.10.2019","59,5600","59,6400","59,8810","59,4780","0,08%"
"30.10.2019","59,5150","59,2645","59,8100","59,2110","0,42%"
"29.10.2019","59,2670","59,4240","59,7485","59,1550","0,03%"
"28.10.2019","59,2470","59,9070","60,0000","58,3800","-1,12%"
"25.10.2019","59,9200","59,5205","60,0855","59,4085","0,96%"
"24.10.2019","59,3510","58,9150","59,6710","58,8605","0,94%"
"23.10.2019","58,8010","58,5880","59,0135","58,5760","0,27%"
"22.10.2019","58,6400","58,4150","58,6915","58,4095","0,57%"
"21.10.2019","58,3100","58,2845","58,7250","58,2240","0,24%"
"18.10.2019","58,1680","58,2355","58,4800","58,1935","-0,11%"
"17.10.2019","58,2300","58,6500","58,6575","58,1715","-0,19%"
"16.10.2019","58,3400","58,2800","58,8100","57,7500","0,12%"
"15.10.2019","58,2700","57,9585","58,5210","57,7500","0,40%"
"14.10.2019","58,0350","58,0350","58,0350","58,0350","0,03%"
"11.10.2019","58,0200","57,9550","58,1300","57,8680","0,39%"
"10.10.2019","57,7960","57,7525","58,0650","57,7525","-0,32%"
"09.10.2019","57,9800","57,9100","58,7010","57,6500","0,23%"
"08.10.2019","57,8450","57,7400","57,9395","57,6145","0,06%"
"07.10.2019","57,8100","57,5825","57,9545","57,5625","0,47%"
"04.10.2019","57,5380","57,6869","57,8850","57,5700","-0,21%"
"03.10.2019","57,6600","57,7861","62,4166","57,5735","-0,28%"
"02.10.2019","57,8200","57,8000","57,9495","57,7250","0,31%"
"01.10.2019","57,6400","57,5850","57,7400","57,5850","0,09%"
"30.09.2019","57,5900","57,4800","57,5950","57,4800","0,47%"
"27.09.2019","57,3200","57,1800","57,3475","57,1700","0,50%"
"26.09.2019","57,0330","57,1025","57,2535","56,0405","0,27%"
"25.09.2019","56,8810","56,9350","57,0895","56,7900","0,04%"
"24.09.2019","56,8600","56,9300","56,9705","56,7995","-0,11%"
"23.09.2019","56,9200","56,7700","56,9455","56,7300","0,46%"
"20.09.2019","56,6600","56,5005","56,6710","56,4995","0,46%"
"19.09.2019","56,3990","56,4545","56,6510","56,4415","0,10%"
"18.09.2019","56,3430","56,4950","56,5430","56,3950","-0,25%"
"17.09.2019","56,4850","56,2500","56,5150","56,0405","0,40%"
"16.09.2019","56,2600","56,0415","56,3105","55,8800","0,60%"
"13.09.2019","55,9220","56,0500","56,2145","55,9585","-0,28%"
"12.09.2019","56,0800","56,1000","56,2800","56,0255","-0,16%"
"11.09.2019","56,1700","55,9735","56,1750","55,5000","0,59%"
"10.09.2019","55,8420","56,0150","56,1305","55,8600","-0,28%"
"09.09.2019","56,0000","55,5740","56,0955","54,4050","0,36%"
"06.09.2019","55,8000","55,7500","56,0400","55,6150","-0,36%"
"05.09.2019","56,0000","55,9315","56,0950","55,0000","0,13%"
"04.09.2019","55,9270","55,9375","56,0933","55,0000","-0,01%"
"03.09.2019","55,9300","55,5000","56,1077","53,7523","-3,98%"
"02.09.2019","58,2500","59,5000","60,5000","56,2523","-2,09%"
"30.08.2019","59,4955","58,0000","59,5277","57,6138","2,81%"
"29.08.2019","57,8700","60,0000","61,1343","57,1372","-0,12%"
"28.08.2019","57,9400","56,2775","59,4627","56,0000","2,96%"
"27.08.2019","56,2730","55,3050","56,4753","54,4873","1,77%"
"26.08.2019","55,2955","55,1700","55,4277","54,9738","0,26%"
"23.08.2019","55,1500","55,1075","55,6247","54,3047","0,13%"
"22.08.2019","55,0800","55,5740","55,5740","54,2373","0,20%"
"21.08.2019","54,9700","54,8395","55,1377","52,8122","0,48%"
"20.08.2019","54,7100","54,8395","55,7752","54,1123","-0,22%"
"19.08.2019","54,8325","54,8385","57,9325","54,6372","-0,00%"
"16.08.2019","54,8340","57,2500","58,1937","53,9372","-3,97%"
"15.08.2019","57,1000","60,2600","60,3660","53,0023","-5,21%"
"14.08.2019","60,2380","55,5740","60,6190","55,3705","8,40%"
"13.08.2019","55,5695","52,9300","60,3877","51,8861","4,85%"
"12.08.2019","53,0000","45,2450","63,5127","45,1650","17,14%"
"09.08.2019","45,2455","45,2015","45,4813","45,1215","0,17%"
"08.08.2019","45,1670","45,5100","45,5537","45,1215","-0,73%"
"07.08.2019","45,5000","45,2570","45,7827","45,2043","0,52%"
"06.08.2019","45,2660","45,3940","45,4712","45,1147","-0,29%"
"05.08.2019","45,3980","44,5895","45,5353","44,3650","1,82%"
"02.08.2019","44,5850","44,2960","44,7827","44,2433","0,66%"
"01.08.2019","44,2915","43,8185","44,3923","43,8185","1,09%"
"31.07.2019","43,8155","43,9075","43,9497","43,7238","-0,12%"
"30.07.2019","43,8670","43,7665","43,9695","43,7285","0,29%"
"29.07.2019","43,7420","43,2750","43,8628","43,2747","1,09%"
"26.07.2019","43,2705","43,3896","43,4453","42,8573","-0,14%"
"25.07.2019","43,3305","42,8275","43,4852","42,5764","1,19%"
"24.07.2019","42,8230","42,6450","42,9475","42,4072","0,50%"
"23.07.2019","42,6110","42,4500","42,7528","42,2622","0,38%"
"22.07.2019","42,4500","42,1565","42,6250","42,1565","0,40%"
"19.07.2019","42,2800","42,1565","42,5500","42,1565","0,00%"
"18.07.2019","42,2780","42,4990","42,5275","42,2400","-0,41%"
"17.07.2019","42,4500","42,6615","42,6870","42,3950","-0,52%"
"16.07.2019","42,6700","42,3855","42,7320","42,1100","0,88%"
"15.07.2019","42,2960","41,5785","42,4600","41,5665","1,71%"
"12.07.2019","41,5850","41,5762","41,9100","41,4850","-0,28%"
"11.07.2019","41,7000","41,7250","41,9100","41,5300","-0,21%"
"10.07.2019","41,7880","41,8975","42,0850","41,5450","-0,03%"
"09.07.2019","41,8000","41,8055","41,8285","41,7840","0,10%"
"08.07.2019","41,7580","41,8015","41,8280","41,7840","-0,10%"
"05.07.2019","41,8000","42,0500","42,2150","41,7700","0,72%"
"04.07.2019","41,5000","42,0650","42,0650","41,5350","-1,26%"
"03.07.2019","42,0300","42,3750","42,4900","41,9500","-0,17%"
"02.07.2019","42,1030","42,3600","42,6800","42,1300","-0,49%"
"01.07.2019","42,3110","42,4715","42,5090","41,8650","-0,37%"
"28.06.2019","42,4700","42,7000","42,8350","42,3050","-0,52%"
"27.06.2019","42,6900","42,7050","43,0700","42,5700","0,20%"
"26.06.2019","42,6060","42,3855","42,9900","42,1600","0,66%"
"25.06.2019","42,3280","42,4200","42,5800","42,1225","-0,11%"
"24.06.2019","42,3730","42,7910","43,0350","42,3400","-0,85%"
"21.06.2019","42,7370","43,3275","43,4000","42,6250","-1,25%"
"20.06.2019","43,2770","43,3350","43,3750","43,2900","-0,12%"
"19.06.2019","43,3300","43,4970","43,9250","43,2200","-0,25%"
"18.06.2019","43,4400","43,9750","44,0500","43,2750","-1,13%"
"17.06.2019","43,9360","43,9770","44,0335","43,9530","-0,02%"
"14.06.2019","43,9460","43,5160","44,4450","43,4280","1,15%"
"13.06.2019","43,4460","43,6850","43,8150","43,2450","-0,51%"
"12.06.2019","43,6700","44,6840","44,6840","43,3650","-2,19%"
"11.06.2019","44,6470","44,8715","44,8955","44,6400","-0,41%"
"10.06.2019","44,8290","44,8465","45,0800","44,8200","-0,02%"
"07.06.2019","44,8400","44,9025","45,0600","44,7000","-0,09%"
"06.06.2019","44,8800","44,9045","45,1762","44,7950","0,07%"
"05.06.2019","44,8500","44,6925","44,9750","44,5500","0,42%"
"04.06.2019","44,6640","44,9050","44,9400","44,5650","-0,31%"
"03.06.2019","44,8050","44,7500","45,0750","44,5650","0,27%"
"31.05.2019","44,6850","44,5550","45,0400","44,5300","0,33%"
"30.05.2019","44,5400","44,4400","44,8300","44,2830","0,23%"
"29.05.2019","44,4400","44,6600","44,8300","44,3000","-0,41%"
"28.05.2019","44,6250","44,7500","44,8750","44,6525","-0,61%"
"27.05.2019","44,9000","44,9500","44,9900","44,7800","0,33%"
"24.05.2019","44,7540","45,0760","45,1075","44,8270","-0,57%"
"23.05.2019","45,0120","44,7500","45,2800","44,7500","0,44%"
"22.05.2019","44,8170","44,7925","44,9850","44,4600","0,08%"
"21.05.2019","44,7800","45,1865","45,1865","44,6250","-0,81%"
"20.05.2019","45,1450","45,0000","45,5550","45,0000","0,44%"
"17.05.2019","44,9450","44,7045","45,3400","44,7045","0,59%"
"16.05.2019","44,6810","44,9785","45,1400","44,6750","-0,51%"
"15.05.2019","44,9120","44,9400","45,7650","44,8700","-0,04%"
"14.05.2019","44,9300","45,1500","45,2100","44,8100","-0,34%"
"13.05.2019","45,0850","44,8170","45,6100","44,7675","0,83%"
"10.05.2019","44,7150","45,2405","45,2525","44,6100","-1,12%"
"09.05.2019","45,2200","45,0700","45,7400","45,0700","0,56%"
"08.05.2019","44,9700","45,2850","45,3050","44,9150","-0,64%"
"07.05.2019","45,2600","44,6650","45,3200","44,4500","1,39%"
"06.05.2019","44,6400","44,4700","45,3600","44,4700","0,45%"
"03.05.2019","44,4400","44,7635","44,7760","44,1800","-0,64%"
"02.05.2019","44,7250","44,2395","44,9550","44,2050","1,39%"
"01.05.2019","44,1100","44,2800","44,2840","44,2360","-0,30%"
"30.04.2019","44,2420","44,3425","44,4875","43,4250","-0,24%"
"29.04.2019","44,3500","44,3500","44,9500","44,2800","-3,18%"
"26.04.2019","45,8090","45,0500","45,9500","44,1350","1,98%"
"25.04.2019","44,9200","43,9250","46,5050","43,9250","2,43%"
"24.04.2019","43,8530","42,3985","43,9715","42,3195","3,43%"
"23.04.2019","42,4000","42,4680","42,6850","42,1250","-0,04%"
"22.04.2019","42,4160","41,8435","42,7800","41,8435","1,50%"
"19.04.2019","41,7910","41,8375","41,8570","41,8100","0,00%"
"18.04.2019","41,7910","41,6300","41,8530","41,6300","0,41%"
"17.04.2019","41,6200","42,3500","42,4000","41,2750","-1,51%"
"16.04.2019","42,2580","41,6180","42,4750","41,4000","1,64%"
"15.04.2019","41,5760","42,1710","42,1710","41,3300","-1,34%"
"12.04.2019","42,1390","42,7175","42,7255","42,0650","-1,26%"
"11.04.2019","42,6770","42,9970","43,3650","42,6100","-0,62%"
"10.04.2019","42,9440","43,4000","43,6100","42,8050","-0,87%"
"09.04.2019","43,3190","43,6955","44,0500","43,2950","-0,83%"
"08.04.2019","43,6800","43,9135","44,2200","43,6100","-0,44%"
"05.04.2019","43,8710","43,5000","44,2500","43,3200","1,19%"
"04.04.2019","43,3550","42,8395","43,4290","42,7610","1,26%"
"03.04.2019","42,8170","42,7180","42,8950","42,3000","0,32%"
"02.04.2019","42,6820","42,7160","42,7470","42,6850","0,00%"
"01.04.2019","42,6820","43,3575","43,4000","42,6450","-1,38%"
"29.03.2019","43,2810","43,3750","43,5500","43,0850","-0,71%"
"28.03.2019","43,5910","43,9100","43,9100","43,1750","-0,57%"
"27.03.2019","43,8390","42,6285","43,9650","42,6155","2,93%"
"26.03.2019","42,5910","42,0370","42,8550","41,7900","1,39%"
"25.03.2019","42,0060","41,7740","42,0625","41,4160","0,64%"
"22.03.2019","41,7400","41,0095","42,2400","40,9900","1,76%"
"21.03.2019","41,0200","40,8565","41,1500","40,4400","0,53%"
"20.03.2019","40,8020","40,5225","41,3250","40,4850","0,80%"
"19.03.2019","40,4790","40,0375","40,8000","39,7450","1,26%"
"18.03.2019","39,9770","39,9690","40,1000","39,5350","-0,01%"
"15.03.2019","39,9800","40,7415","40,7675","39,7750","-1,76%"
"14.03.2019","40,6980","41,2200","41,5500","40,5050","-1,17%"
"13.03.2019","41,1790","41,4935","41,8150","41,1150","-0,68%"
"12.03.2019","41,4590","41,2560","41,6250","41,0050","0,61%"
"11.03.2019","41,2080","41,1670","41,2800","40,3950","0,08%"
"08.03.2019","41,1750","42,3480","42,3480","40,6580","-2,97%"
"07.03.2019","42,4340","40,7810","42,6020","40,4520","4,20%"
"06.03.2019","40,7250","40,1050","40,7350","39,9050","2,25%"
"05.03.2019","39,8300","39,7970","39,8300","39,7970","0,01%"
"04.03.2019","39,8250","39,7920","39,8250","39,7920","-0,01%"
"01.03.2019","39,8295","39,1165","39,9425","39,1125","1,80%"
"28.02.2019","39,1260","38,7760","39,2150","38,3350","0,91%"
"27.02.2019","38,7745","38,8655","38,8655","38,2335","-0,27%"
"26.02.2019","38,8800","39,1100","39,4800","38,8100","-0,37%"
"25.02.2019","39,0250","38,9060","39,0760","38,4360","-0,41%"
"22.02.2019","39,1850","39,4660","39,4850","38,6650","-0,87%"
"21.02.2019","39,5290","39,6490","39,9290","39,0490","-0,36%"
"20.02.2019","39,6700","39,2700","40,5600","39,0100","0,99%"
"19.02.2019","39,2800","38,6600","39,3900","38,1100","1,43%"
"18.02.2019","38,7250","38,3250","38,9250","38,2750","0,30%"
"15.02.2019","38,6100","38,1920","38,6300","38,1300","1,09%"
"14.02.2019","38,1920","38,1750","38,4800","37,6800","0,01%"
"13.02.2019","38,1900","37,9390","38,3100","37,4600","0,60%"
"12.02.2019","37,9605","37,9215","38,0115","37,3315","0,06%"
"11.02.2019","37,9360","37,5980","38,5960","37,5980","0,29%"
"08.02.2019","37,8250","37,7670","37,9000","37,3050","0,01%"
"07.02.2019","37,8215","37,3095","38,0495","37,3095","0,80%"
"06.02.2019","37,5230","37,2310","37,6510","36,8810","0,83%"
"05.02.2019","37,2125","37,1255","37,2575","37,1075","0,16%"
"04.02.2019","37,1515","37,1545","37,3835","36,7835","-0,01%"
"01.02.2019","37,1545","37,3025","37,4235","36,7835","-0,39%"
"31.01.2019","37,2990","37,5250","37,5250","36,5300","-0,55%"
"30.01.2019","37,5055","37,6375","37,8055","37,3555","-0,33%"
"29.01.2019","37,6300","37,1300","37,6500","36,8600","1,38%"
"28.01.2019","37,1185","37,0375","37,1755","36,8955","0,21%"
"25.01.2019","37,0405","37,5805","37,5805","36,6285","-0,91%"
"24.01.2019","37,3800","37,2100","37,6200","37,2100","-0,43%"
"23.01.2019","37,5400","37,4910","37,6100","37,0100","0,09%"
"22.01.2019","37,5080","37,5780","37,7060","36,8960","-0,80%"
"21.01.2019","37,8100","37,8100","37,8400","37,3900","0,61%"
"18.01.2019","37,5800","37,6590","37,6650","37,5550","-0,27%"
"17.01.2019","37,6825","37,4735","38,0285","37,2785","0,55%"
"16.01.2019","37,4765","37,1415","37,5115","36,9015","0,98%"
"15.01.2019","37,1145","36,9835","37,3615","36,5415","0,38%"
"14.01.2019","36,9745","36,8945","37,2425","36,5325","0,19%"
"11.01.2019","36,9030","37,0840","37,3810","36,5410","-1,20%"
"10.01.2019","37,3500","37,8180","37,9500","37,2000","-0,02%"
"09.01.2019","37,3580","37,5520","37,6900","37,0400","-0,50%"
"08.01.2019","37,5470","37,3250","37,5950","36,8850","0,66%"
"07.01.2019","37,3005","37,3495","37,4715","36,8815","-0,13%"
"04.01.2019","37,3475","37,2575","37,3975","37,0075","-0,26%"
"03.01.2019","37,4445","37,6915","37,7335","37,2835","-0,86%"
"02.01.2019","37,7690","37,6920","38,1930","37,3230","0,31%"
"01.01.2019","37,6530","37,6530","37,6530","37,6530","0,00%"
"31.12.2018","37,6530","37,6760","37,6840","37,6530","-0,08%"
"28.12.2018","37,6850","38,2620","38,2620","37,5050","-1,62%"
"27.12.2018","38,3070","38,6200","38,8500","38,2500","-0,62%"
"26.12.2018","38,5460","37,8830","38,6830","37,8830","1,51%"
"25.12.2018","37,9720","37,9720","37,9720","37,9720","0,00%"
"24.12.2018","37,9720","37,9720","37,9930","37,9720","-0,00%"
"21.12.2018","37,9725","37,5575","38,1875","37,5075","-0,16%"
"20.12.2018","38,0350","38,3560","38,3560","37,5330","-0,84%"
"19.12.2018","38,3575","38,2625","38,3875","38,1575","0,27%"
"18.12.2018","38,2555","38,2485","38,3345","38,0345","-0,01%"
"17.12.2018","38,2585","38,1225","38,5065","38,0065","0,27%"
"14.12.2018","38,1540","37,8950","38,3780","37,2880","0,92%"
"13.12.2018","37,8050","37,5750","37,8850","37,4050","0,62%"
"12.12.2018","37,5715","37,8835","37,8835","37,2765","-0,60%"
"11.12.2018","37,8000","37,5100","37,8200","37,1100","0,37%"
"10.12.2018","37,6600","37,3800","37,9900","37,0100","0,76%"
"07.12.2018","37,3770","37,7030","37,7310","37,0510","-0,86%"
"06.12.2018","37,7000","37,4560","38,1100","37,1600","0,53%"
"05.12.2018","37,5000","37,3850","38,1740","37,0540","0,33%"
"04.12.2018","37,3775","36,5765","37,4465","36,2965","2,30%"
"03.12.2018","36,5375","37,2625","37,2625","36,2125","-3,16%"
"30.11.2018","37,7315","37,7315","37,7705","37,6955","-0,01%"
"29.11.2018","37,7350","38,4470","38,4790","37,4290","-1,86%"
"28.11.2018","38,4500","39,0800","39,0800","38,0100","-0,24%"
"27.11.2018","38,5430","39,0580","39,1270","38,5260","-1,37%"
"26.11.2018","39,0800","37,5120","39,0800","37,1100","4,07%"
"23.11.2018","37,5500","36,4100","37,6600","36,2100","3,07%"
"22.11.2018","36,4300","36,2900","36,4300","35,7700","0,47%"
"21.11.2018","36,2600","36,1800","36,4600","35,6600","0,22%"
"20.11.2018","36,1805","35,9255","36,3755","35,9255","0,75%"
"19.11.2018","35,9100","35,9070","35,9100","35,9000","-0,04%"
"16.11.2018","35,9250","35,5280","36,4780","35,5280","-0,33%"
"15.11.2018","36,0435","35,9175","36,1825","35,8325","0,43%"
"14.11.2018","35,8900","35,9840","36,3100","35,8100","-0,36%"
"13.11.2018","36,0200","35,5300","36,2100","35,3600","1,32%"
"12.11.2018","35,5500","35,6000","35,6000","35,1000","0,48%"
"09.11.2018","35,3800","35,4460","35,6100","35,2600","-0,25%"
"08.11.2018","35,4700","35,6630","35,6940","35,2940","-0,52%"
"07.11.2018","35,6565","35,6085","35,9275","35,2775","0,13%"
"06.11.2018","35,6100","35,5910","35,6350","35,5910","-0,05%"
"05.11.2018","35,6290","35,4690","35,6650","35,0250","0,40%"
"02.11.2018","35,4860","35,6720","35,7420","35,0920","-0,52%"
"01.11.2018","35,6725","35,8615","35,8615","35,0075","-0,63%"
"31.10.2018","35,9000","36,8730","36,8730","35,4330","-2,26%"
"30.10.2018","36,7300","36,8720","37,1100","36,2600","-0,43%"
"29.10.2018","36,8900","36,8100","36,9820","35,9800","0,14%"
"26.10.2018","36,8385","37,0265","37,0745","36,3545","0,16%"
"25.10.2018","36,7800","37,0220","37,0220","36,1500","-0,67%"
"24.10.2018","37,0280","36,6070","37,0560","35,9060","1,22%"
"23.10.2018","36,5825","36,4525","36,9815","36,0315","0,36%"
"22.10.2018","36,4510","36,5200","37,3300","36,0000","-0,24%"
"19.10.2018","36,5400","36,4800","36,7100","35,9100","-0,53%"
"18.10.2018","36,7335","36,1895","36,7705","35,0005","1,47%"
"17.10.2018","36,2020","35,8670","36,5030","35,7630","0,80%"
"16.10.2018","35,9140","36,7300","36,7850","35,5600","-2,12%"
"15.10.2018","36,6900","36,6530","36,6900","36,5800","0,00%"
"12.10.2018","36,6900","36,5750","36,7600","35,7300","0,25%"
"11.10.2018","36,6000","37,1550","37,3100","36,2600","-1,56%"
"10.10.2018","37,1800","36,8800","37,4600","36,7600","-0,46%"
"09.10.2018","37,3500","37,7700","37,9700","37,3500","-0,40%"
"08.10.2018","37,5000","37,5000","37,8200","37,1000","-0,89%"
"05.10.2018","37,8380","38,3350","38,4810","37,2810","-1,97%"
"04.10.2018","38,6000","36,8600","38,7600","36,8600","2,25%"
"03.10.2018","37,7500","37,0600","38,0100","36,9900","-0,85%"
"02.10.2018","38,0750","39,1050","39,1650","37,2250","-3,55%"
"01.10.2018","39,4750","41,2950","41,3250","39,1850","-4,40%"
"28.09.2018","41,2900","39,5430","41,4800","39,4800","3,94%"
"27.09.2018","39,7250","38,6750","40,1550","38,6750","3,11%"
"26.09.2018","38,5250","38,5390","39,3250","37,5250","0,63%"
"25.09.2018","38,2850","37,2960","39,3330","37,0030","2,64%"
"24.09.2018","37,3000","37,0300","37,3900","35,9800","0,19%"
"21.09.2018","37,2290","38,2160","38,2160","37,0290","-2,56%"
"20.09.2018","38,2075","39,2305","39,4005","37,5205","-2,79%"
"19.09.2018","39,3050","39,7730","39,8130","39,2330","-1,15%"
"18.09.2018","39,7640","39,5460","39,8440","38,2440","0,57%"
"17.09.2018","39,5380","39,7720","39,8860","39,4860","-1,02%"
"14.09.2018","39,9450","39,7690","40,0890","38,4090","1,19%"
"13.09.2018","39,4750","38,5370","40,1250","38,0250","2,98%"
"12.09.2018","38,3330","38,0870","38,3710","37,5410","1,01%"
"11.09.2018","37,9500","37,3210","38,0000","36,6100","1,31%"
"10.09.2018","37,4575","37,0705","37,6365","36,6165","0,99%"
"07.09.2018","37,0910","37,5400","37,5400","36,6670","-0,87%"
"06.09.2018","37,4175","38,0445","38,4445","37,0445","-3,11%"
"05.09.2018","38,6200","39,0980","39,1960","38,1960","-0,92%"
"04.09.2018","38,9800","38,0780","39,4280","38,0780","2,38%"
"03.09.2018","38,0750","36,8250","38,7250","36,8250","3,18%"
"31.08.2018","36,9000","38,0620","39,1000","36,0700","-4,73%"
"30.08.2018","38,7330","34,6690","42,2410","34,5410","13,92%"
"29.08.2018","34,0005","31,5365","34,0025","31,3725","8,04%"
"28.08.2018","31,4700","30,9460","31,6710","30,8560","1,67%"
"27.08.2018","30,9545","30,7415","31,0415","30,7415","0,37%"
"24.08.2018","30,8400","30,4300","30,9500","30,2300","1,23%"
"23.08.2018","30,4650","30,2160","30,4650","29,9850","0,77%"
"22.08.2018","30,2330","29,9960","30,2820","29,9520","0,82%"
"21.08.2018","29,9860","29,8510","30,0210","29,8210","0,43%"
"20.08.2018","29,8565","29,8565","29,8865","29,8565","-0,01%"
"17.08.2018","29,8595","29,6945","29,8995","29,6495","0,46%"
"16.08.2018","29,7220","29,7770","29,9730","29,5270","-0,51%"
"15.08.2018","29,8750","29,7600","30,6250","29,5450","0,40%"
"14.08.2018","29,7570","30,0120","30,0220","29,0920","-0,60%"
"13.08.2018","29,9365","29,2175","30,3265","29,1975","2,42%"
"10.08.2018","29,2300","28,0720","29,3650","27,9800","4,13%"
"09.08.2018","28,0700","27,6060","28,1120","27,5300","1,62%"
"08.08.2018","27,6215","27,3790","27,6755","27,2455","0,85%"
"07.08.2018","27,3885","27,3245","27,4245","26,9945","0,22%"
"06.08.2018","27,3280","27,2930","27,5080","27,1980","0,14%"
"03.08.2018","27,2905","27,4345","27,4555","27,2855","-0,55%"
"02.08.2018","27,4425","27,4635","27,7335","27,4335","-0,21%"
"01.08.2018","27,5005","27,1945","27,7595","27,1945","0,29%"
"31.07.2018","27,4210","27,2580","27,4470","27,2020","0,63%"
"30.07.2018","27,2500","27,3190","27,4140","27,1940","-0,26%"
"27.07.2018","27,3210","27,3980","27,4460","27,2910","-0,27%"
"26.07.2018","27,3960","27,3660","27,5040","27,2990","0,08%"
"25.07.2018","27,3740","27,4840","27,5020","27,2580","-0,38%"
"24.07.2018","27,4790","27,6040","27,6470","27,3520","-0,48%"
"23.07.2018","27,6115","27,6045","27,7145","27,4545","0,04%"
"20.07.2018","27,6000","27,7500","27,7800","27,5500","-0,47%"
"19.07.2018","27,7300","27,5810","27,7600","27,5800","0,38%"
"18.07.2018","27,6250","27,5080","27,7550","27,4350","0,35%"
"17.07.2018","27,5300","27,3110","27,5400","27,2800","0,69%"
"16.07.2018","27,3400","27,2500","27,3800","27,1600","0,31%"
"13.07.2018","27,2550","27,2360","27,3880","27,0280","0,20%"
"12.07.2018","27,2015","27,3515","27,4715","27,0085","-0,77%"
"11.07.2018","27,4135","27,3805","27,6655","27,1855","-0,07%"
"10.07.2018","27,4330","27,9790","28,0130","27,1880","-1,75%"
"09.07.2018","27,9210","27,9870","27,9870","27,9120","0,00%"
"06.07.2018","27,9210","28,0700","28,2420","27,8820","-0,52%"
"05.07.2018","28,0680","28,0690","28,3000","27,9300","-0,01%"
"04.07.2018","28,0700","27,9000","28,0700","27,8300","0,41%"
"03.07.2018","27,9545","28,2885","28,4515","27,7515","-1,16%"
"02.07.2018","28,2820","28,9260","28,9750","28,2450","-2,26%"
"29.06.2018","28,9365","28,0812","29,4055","28,0055","3,12%"
"28.06.2018","28,0600","27,4930","28,1650","27,3400","2,26%"
"27.06.2018","27,4400","27,0540","27,5100","27,0100","1,33%"
"26.06.2018","27,0800","27,0300","27,1800","26,9900","-0,04%"
"25.06.2018","27,0900","26,9900","27,1100","26,8800","0,26%"
"22.06.2018","27,0190","27,4930","27,5260","26,9260","-1,73%"
"21.06.2018","27,4935","27,7505","27,7505","27,3265","-0,85%"
"20.06.2018","27,7280","27,7290","27,7290","27,7250","-0,10%"
"19.06.2018","27,7545","27,4305","27,9005","27,4305","0,52%"
"18.06.2018","27,6115","27,5385","28,1385","27,2885","-1,58%"
"15.06.2018","28,0550","27,0050","28,3550","26,5550","1,26%"
"14.06.2018","27,7050","26,0050","27,9050","26,0050","5,74%"
"13.06.2018","26,2000","25,9210","26,5500","25,5000","1,77%"
"12.06.2018","25,7435","26,0325","26,0325","25,6725","-1,24%"
"11.06.2018","26,0655","25,3455","26,0655","25,3455","3,05%"
"08.06.2018","25,2950","24,9600","25,6050","24,8050","1,24%"
"07.06.2018","24,9850","24,8760","24,9920","24,8760","0,34%"
"06.06.2018","24,9005","24,9245","24,9695","24,8545","-0,10%"
"05.06.2018","24,9250","24,9440","24,9810","24,8050","-0,13%"
"04.06.2018","24,9575","24,9665","24,9885","24,9175","-0,04%"
"01.06.2018","24,9680","24,9610","24,9960","24,9180","0,03%"
"31.05.2018","24,9610","24,9180","25,0000","24,9180","0,14%"
"30.05.2018","24,9250","24,9150","24,9300","24,7050","0,26%"
"29.05.2018","24,8600","24,7190","24,9740","24,6040","0,46%"
"28.05.2018","24,7450","24,6000","24,7650","24,6000","0,59%"
"25.05.2018","24,6000","24,5750","24,6200","24,5750","0,09%"
"24.05.2018","24,5785","24,4745","24,6435","24,3735","0,43%"
"23.05.2018","24,4735","24,2765","24,5275","24,2765","0,81%"
"22.05.2018","24,2770","24,3230","24,4030","24,2230","-0,38%"
"21.05.2018","24,3700","24,4000","24,4270","24,1220","-0,13%"
"18.05.2018","24,4025","24,3095","24,6775","24,3095","0,37%"
"17.05.2018","24,3120","24,2750","24,4700","24,0800","0,17%"
"16.05.2018","24,2705","24,0465","24,2855","23,4955","0,86%"
"15.05.2018","24,0635","24,9915","25,0415","23,0125","-3,77%"
"14.05.2018","25,0070","23,0280","25,0550","23,0280","8,68%"
"11.05.2018","23,0100","22,6780","23,9800","22,6600","1,37%"
"10.05.2018","22,7000","22,5100","22,7300","22,4400","0,07%"
"09.05.2018","22,6840","22,3700","22,7200","22,2200","0,93%"
"08.05.2018","22,4750","22,0400","23,2250","22,0350","2,42%"
"07.05.2018","21,9445","21,8535","21,9595","21,5495","0,41%"
"04.05.2018","21,8545","21,5005","21,9805","21,0305","-1,80%"
"03.05.2018","22,2550","21,1450","22,3050","21,1450","5,06%"
"02.05.2018","21,1830","20,5370","21,3240","20,5370","3,17%"
"01.05.2018","20,5315","20,5285","20,5435","20,5285","0,00%"
"30.04.2018","20,5305","20,5305","20,5305","20,5275","0,00%"
"27.04.2018","20,5295","20,5415","20,9365","20,5165","-0,09%"
"26.04.2018","20,5490","20,2490","20,6190","20,1690","1,49%"
"25.04.2018","20,2475","20,2505","20,2755","20,2475","-0,06%"
"24.04.2018","20,2600","20,2350","20,2650","20,2050","0,04%"
"23.04.2018","20,2510","20,1900","20,2770","20,1870","0,30%"
"20.04.2018","20,1905","20,1565","20,2325","20,1375","0,16%"
"19.04.2018","20,1585","20,1245","20,2195","20,0695","0,17%"
"18.04.2018","20,1235","20,1725","20,1935","20,1185","-0,24%"
"17.04.2018","20,1725","20,2155","20,2235","20,1685","-0,23%"
"16.04.2018","20,2188","20,1923","20,2312","20,1913","0,04%"
"13.04.2018","20,2100","20,2020","20,2390","20,1790","0,04%"
"12.04.2018","20,2020","20,1590","20,2290","20,1190","0,22%"
"11.04.2018","20,1585","20,1455","20,2035","20,1135","0,05%"
"10.04.2018","20,1485","20,1835","20,2265","20,1265","-0,21%"
"09.04.2018","20,1900","20,1595","20,2025","20,1595","0,07%"
"06.04.2018","20,1765","20,1885","20,2495","20,1745","-0,07%"
"05.04.2018","20,1910","20,1690","20,2110","20,1460","0,10%"
"04.04.2018","20,1700","20,1670","20,2360","20,1670","-0,01%"
"03.04.2018","20,1720","20,1320","20,2070","20,1320","0,19%"
"02.04.2018","20,1340","20,1340","20,1340","20,1340","0,09%"
"30.03.2018","20,1150","20,1150","20,1150","20,1050","-0,10%"
"29.03.2018","20,1350","20,1450","20,1450","20,1350","-0,05%"
"28.03.2018","20,1450","20,1450","20,1740","20,1050","-0,05%"
"27.03.2018","20,1550","20,1830","20,2060","20,1550","-0,05%"
"26.03.2018","20,1650","20,1650","20,1925","20,1250","-0,09%"
"23.03.2018","20,1830","20,2435","20,2560","20,1830","-0,17%"
"22.03.2018","20,2170","20,2570","20,2860","20,2170","-0,24%"
"21.03.2018","20,2650","20,2340","20,2950","20,2250","0,08%"
"20.03.2018","20,2490","20,2100","20,2700","20,1700","0,27%"
"19.03.2018","20,1950","20,1850","20,2800","20,1750","0,05%"
"16.03.2018","20,1850","20,3150","20,4100","20,1750","-0,64%"
"15.03.2018","20,3150","20,2140","20,3150","20,2140","0,44%"
"14.03.2018","20,2265","20,2045","20,2525","20,1225","0,12%"
"13.03.2018","20,2030","20,1900","20,2210","20,1160","0,04%"
"12.03.2018","20,1950","20,2250","20,2700","20,1050","-0,21%"
"09.03.2018","20,2365","20,2665","20,3965","20,2165","-0,48%"
"08.03.2018","20,3350","20,3050","20,4450","20,3050","-0,20%"
"07.03.2018","20,3750","20,2950","20,4300","20,2550","0,31%"
"06.03.2018","20,3125","20,2025","20,3375","20,0675","0,55%"
"05.03.2018","20,2020","20,2750","20,4120","20,1470","-0,29%"
"02.03.2018","20,2600","20,1410","20,2800","20,1410","0,56%"
"01.03.2018","20,1480","20,1570","20,2070","20,1170","0,16%"
"28.02.2018","20,1150","20,2040","20,2250","20,0550","-0,51%"
"27.02.2018","20,2185","20,1685","20,2385","20,0635","0,19%"
"26.02.2018","20,1800","19,9100","20,2000","19,9100","1,07%"
"23.02.2018","19,9660","19,9160","20,0060","19,9030","0,10%"
"22.02.2018","19,9460","19,8670","19,9920","19,8670","0,21%"
"21.02.2018","19,9040","19,8570","19,9970","19,8370","0,22%"
"20.02.2018","19,8600","19,8920","20,0530","19,7720","-0,20%"
"19.02.2018","19,9000","19,8100","19,9100","19,7800","0,67%"
"16.02.2018","19,7675","19,6075","19,7775","19,6075","0,57%"
"15.02.2018","19,6550","19,8900","19,8900","19,6350","-1,22%"
"14.02.2018","19,8975","19,9875","20,1325","19,8125","-0,48%"
"13.02.2018","19,9930","19,9880","19,9930","19,9880","0,07%"
"12.02.2018","19,9800","19,9850","19,9900","19,9800","-0,11%"
"09.02.2018","20,0015","19,9765","20,2865","19,9585","0,13%"
"08.02.2018","19,9750","19,6630","19,9750","19,6630","1,48%"
"07.02.2018","19,6835","19,5725","19,7125","19,5725","0,57%"
"06.02.2018","19,5710","19,4620","19,7410","19,4620","0,52%"
"05.02.2018","19,4705","19,4875","19,5785","19,4705","0,05%"
"02.02.2018","19,4600","19,3530","19,5550","19,3100","0,54%"
"01.02.2018","19,3550","19,5550","19,5550","19,3550","-1,43%"
"31.01.2018","19,6350","19,6200","19,7050","19,5550","0,02%"
"30.01.2018","19,6310","19,5250","19,6650","19,5250","0,34%"
"29.01.2018","19,5650","19,5520","19,6150","19,5050","0,02%"
"26.01.2018","19,5620","19,5680","19,5850","19,4650","-0,05%"
"25.01.2018","19,5710","19,5680","19,6180","19,3180","-0,38%"
"24.01.2018","19,6450","19,3150","19,6600","19,3050","1,61%"
"23.01.2018","19,3340","19,1400","19,4080","19,0980","1,03%"
"22.01.2018","19,1375","18,9825","19,1705","18,9455","0,80%"
"19.01.2018","18,9865","18,8695","19,0195","18,8695","0,56%"
"18.01.2018","18,8800","18,8780","18,9000","18,7900","0,05%"
"17.01.2018","18,8710","18,8790","18,9790","18,8710","-0,08%"
"16.01.2018","18,8860","18,7480","18,9130","18,7180","0,81%"
"15.01.2018","18,7350","18,6850","18,7850","18,6850","0,30%"
"12.01.2018","18,6785","18,6165","18,8065","18,6165","-0,12%"
"11.01.2018","18,7015","18,6235","18,7205","18,5705","0,34%"
"10.01.2018","18,6380","18,7660","18,8560","18,6260","-1,59%"
"09.01.2018","18,9400","19,0200","19,1250","18,9100","-0,53%"
"08.01.2018","19,0400","18,8700","19,1400","18,8700","0,85%"
"05.01.2018","18,8800","18,5500","19,0500","18,5500","1,40%"
"04.01.2018","18,6200","18,4600","18,6600","18,4100","0,92%"
"03.01.2018","18,4500","18,3870","18,4850","18,3100","0,29%"
"02.01.2018","18,3960","18,6190","18,6290","18,3690","-1,17%"
"01.01.2018","18,6145","18,6145","18,6145","18,6145","0,00%"
"29.12.2017","18,6145","19,0205","19,0205","18,5305","-2,95%"
"28.12.2017","19,1800","18,4500","19,1800","18,4500","4,03%"
"27.12.2017","18,4375","18,3175","18,5275","18,3175","0,60%"
"26.12.2017","18,3270","18,0810","18,3485","18,0360","1,56%"
"25.12.2017","18,0450","18,0450","18,0450","18,0450","0,00%"
"22.12.2017","18,0450","17,9350","18,0750","17,9350","0,62%"
"21.12.2017","17,9335","17,7505","17,9915","17,7505","1,12%"
"20.12.2017","17,7350","17,8050","17,8850","17,6550","0,65%"
"19.12.2017","17,6200","17,4900","17,6600","17,4900","0,33%"
"18.12.2017","17,5625","17,5240","17,6065","17,4765","0,31%"
"15.12.2017","17,5075","17,4885","17,6385","17,4485","0,44%"
"14.12.2017","17,4305","17,2965","17,4565","17,2865","0,75%"
"13.12.2017","17,3010","17,3500","17,3830","17,2930","-0,26%"
"12.12.2017","17,3455","17,2585","17,4085","17,2285","0,64%"
"11.12.2017","17,2350","17,2800","17,3050","17,2350","-0,20%"
"08.12.2017","17,2700","17,2700","17,2700","17,2700","-0,02%"
"07.12.2017","17,2735","17,2485","17,3755","17,2155","0,15%"
"06.12.2017","17,2475","17,2945","17,3405","17,2245","-0,23%"
"05.12.2017","17,2875","17,3305","17,4075","17,2875","-0,31%"
"04.12.2017","17,3405","17,2075","17,3675","17,1975","0,71%"
"01.12.2017","17,2190","17,2760","17,3260","17,2160","-0,50%"
"30.11.2017","17,3050","17,3640","17,4350","17,2850","-0,67%"
"29.11.2017","17,4215","17,3595","17,4645","17,3145","0,30%"
"28.11.2017","17,3695","17,3195","17,3905","17,3045","0,33%"
"27.11.2017","17,3130","17,3680","17,3680","17,2880","-0,20%"
"24.11.2017","17,3485","17,3955","17,4155","17,3485","-0,27%"
"23.11.2017","17,3950","17,4250","17,4550","17,3950","-0,17%"
"22.11.2017","17,4245","17,4715","17,5175","17,4245","-0,35%"
"21.11.2017","17,4850","17,4490","17,5200","17,4480","0,11%"
"20.11.2017","17,4650","17,4650","17,4650","17,4650","-0,06%"
"17.11.2017","17,4755","17,4735","17,5405","17,4695","-0,01%"
"16.11.2017","17,4775","17,5145","17,5395","17,4775","-0,23%"
"15.11.2017","17,5170","17,4975","17,5750","17,4975","0,20%"
"14.11.2017","17,4825","17,5025","17,5465","17,4415","-0,07%"
"13.11.2017","17,4950","17,4850","17,5650","17,4850","0,03%"
"10.11.2017","17,4900","17,5125","17,5600","17,4600","-0,08%"
"09.11.2017","17,5045","17,5275","17,5975","17,5045","-0,09%"
"08.11.2017","17,5200","17,6400","17,6400","17,5050","-0,74%"
"07.11.2017","17,6505","17,6555","17,7155","17,6475","0,07%"
"06.11.2017","17,6390","17,6470","17,6470","17,6390","0,02%"
"03.11.2017","17,6350","17,4650","17,6550","17,4650","0,66%"
"02.11.2017","17,5200","17,6070","17,6300","17,4700","-0,51%"
"01.11.2017","17,6100","17,6400","17,6900","17,6000","-0,14%"
"31.10.2017","17,6350","17,6150","17,6960","17,6050","-0,34%"
"30.10.2017","17,6950","17,5710","17,7650","17,5710","0,52%"
"27.10.2017","17,6035","17,7195","17,7695","17,6035","-0,29%"
"26.10.2017","17,6550","17,4850","17,6750","17,4450","0,97%"
"25.10.2017","17,4855","17,3865","17,5165","17,3665","-0,10%"
"24.10.2017","17,5025","17,4175","17,5575","17,4175","0,52%"
"23.10.2017","17,4125","17,4085","17,4175","17,2025","-0,01%"
"20.10.2017","17,4150","17,4150","17,5060","17,4050","-0,17%"
"19.10.2017","17,4450","17,3350","17,4750","17,3350","0,62%"
"18.10.2017","17,3375","17,3375","17,3525","17,2575","0,01%"
"17.10.2017","17,3350","17,3250","17,4100","17,3250","0,06%"
"16.10.2017","17,3250","17,3250","17,3250","17,3150","-0,08%"
"13.10.2017","17,3388","17,4058","17,4058","17,3388","-0,43%"
"12.10.2017","17,4145","17,4175","17,4675","17,4075","0,02%"
"11.10.2017","17,4115","17,4135","17,4485","17,4115","-0,10%"
"10.10.2017","17,4290","17,4450","17,4920","17,4270","-0,15%"
"09.10.2017","17,4550","17,4350","17,5050","17,4350","0,11%"
"06.10.2017","17,4360","17,4080","17,5630","17,3910","0,24%"
"05.10.2017","17,3950","17,2900","17,4050","17,2850","0,25%"
"04.10.2017","17,3510","17,4050","17,4130","17,3480","-0,33%"
"03.10.2017","17,4085","17,3895","17,5075","17,3665","0,19%"
"02.10.2017","17,3750","17,2550","17,4300","17,2550","0,36%"
"29.09.2017","17,3130","17,5720","17,5720","17,3040","-1,22%"
"28.09.2017","17,5275","17,5125","17,5725","17,5125","-0,16%"
"27.09.2017","17,5550","17,6250","17,6350","17,4950","-0,06%"
"26.09.2017","17,5660","17,4880","17,6680","17,4880","0,39%"
"25.09.2017","17,4975","17,3275","17,4975","17,3275","1,17%"
"22.09.2017","17,2950","17,2650","17,3250","17,2650","0,16%"
"21.09.2017","17,2675","17,1755","17,3025","17,1725","0,44%"
"20.09.2017","17,1925","17,1105","17,1975","17,0825","0,51%"
"19.09.2017","17,1050","17,1050","17,2650","17,1050","0,04%"
"18.09.2017","17,0990","16,9920","17,1220","16,9670","0,73%"
"15.09.2017","16,9750","17,0250","17,0250","16,9550","-0,10%"
"14.09.2017","16,9915","17,0385","17,0535","16,9915","-0,43%"
"13.09.2017","17,0650","17,0510","17,0900","17,0050","0,00%"
"12.09.2017","17,0650","17,1320","17,1620","17,0650","-0,39%"
"11.09.2017","17,1325","17,2025","17,2625","17,1025","-0,62%"
"08.09.2017","17,2390","17,2470","17,2770","17,2370","0,26%"
"07.09.2017","17,1950","17,2550","17,2550","17,1920","-0,28%"
"06.09.2017","17,2425","17,2935","17,3035","17,2385","0,01%"
"05.09.2017","17,2410","17,2540","17,2900","17,2350","0,01%"
"04.09.2017","17,2400","17,2100","17,2950","17,1800","0,17%"
"01.09.2017","17,2100","17,2800","17,2800","17,2100","-0,73%"
"31.08.2017","17,3370","17,4070","17,4370","17,2870","-0,33%"
"30.08.2017","17,3950","17,3750","17,4800","17,2650","0,06%"
"29.08.2017","17,3850","17,2420","17,4120","17,2420","0,90%"
"28.08.2017","17,2300","17,2150","17,2550","17,2050","0,04%"
"25.08.2017","17,2235","17,2105","17,2805","17,1655","0,06%"
"24.08.2017","17,2125","17,2495","17,2595","17,1395","-0,10%"
"23.08.2017","17,2295","17,2065","17,2665","17,1865","0,13%"
"22.08.2017","17,2075","17,2165","17,2665","17,2015","-0,68%"
"21.08.2017","17,3250","17,3420","17,3420","17,3250","-0,09%"
"18.08.2017","17,3400","17,3480","17,3730","17,2380","-0,04%"
"17.08.2017","17,3475","17,1785","17,3685","17,1785","0,83%"
"16.08.2017","17,2040","17,0700","17,2400","17,0700","0,79%"
"15.08.2017","17,0700","17,1220","17,1400","17,0100","-0,33%"
"14.08.2017","17,1270","17,2650","17,3000","17,1150","-3,28%"
"11.08.2017","17,7075","17,6825","17,7365","17,6425","0,03%"
"10.08.2017","17,7025","17,6525","17,7445","17,6525","-0,01%"
"09.08.2017","17,7050","17,7560","17,8360","17,7030","-0,05%"
"08.08.2017","17,7130","17,6930","17,7400","17,6660","0,11%"
"07.08.2017","17,6930","17,6660","17,7520","17,6560","0,19%"
"04.08.2017","17,6595","17,6155","17,6965","17,6155","0,00%"
"03.08.2017","17,6595","17,5795","17,7155","17,5655","0,46%"
"02.08.2017","17,5795","17,5655","17,6065","17,5355","0,03%"
"01.08.2017","17,5735","17,6155","17,6205","17,5655","-0,41%"
"31.07.2017","17,6450","17,6750","17,7050","17,6150","-0,86%"
"28.07.2017","17,7987","17,6212","17,8012","17,6212","0,93%"
"27.07.2017","17,6350","17,4850","17,6350","17,4850","0,76%"
"26.07.2017","17,5025","17,4865","17,5465","17,4465","0,20%"
"25.07.2017","17,4680","17,4360","17,4860","17,3160","0,17%"
"24.07.2017","17,4390","17,4170","17,6620","17,4170","0,20%"
"21.07.2017","17,4050","17,1950","17,4450","17,1850","1,17%"
"20.07.2017","17,2035","17,1505","17,2405","17,0805","0,35%"
"19.07.2017","17,1440","17,2900","17,3900","17,1200","0,32%"
"18.07.2017","17,0890","16,9220","17,1010","16,9210","1,01%"
"17.07.2017","16,9175","16,8545","16,9345","16,8445","0,43%"
"14.07.2017","16,8450","16,9500","16,9500","16,8290","-0,62%"
"13.07.2017","16,9500","16,9475","17,0025","16,9225","-0,05%"
"12.07.2017","16,9590","17,0180","17,0350","16,9590","-0,23%"
"11.07.2017","16,9980","16,9650","17,0350","16,9150","0,06%"
"10.07.2017","16,9885","16,9875","17,0575","16,9175","0,14%"
"07.07.2017","16,9650","17,0190","17,0340","16,9190","-0,71%"
"06.07.2017","17,0870","17,1790","17,2690","17,0790","-0,31%"
"05.07.2017","17,1400","16,9290","17,1400","16,8990","1,48%"
"04.07.2017","16,8900","16,8100","16,8900","16,8100","0,24%"
"03.07.2017","16,8500","16,8050","16,8500","16,7800","1,37%"
"30.06.2017","16,6220","16,4960","16,6610","16,4860","0,80%"
"29.06.2017","16,4900","16,4010","16,5240","16,3940","0,48%"
"28.06.2017","16,4110","16,4190","16,4640","16,3540","0,13%"
"27.06.2017","16,3905","16,3055","16,4455","16,3055","0,52%"
"26.06.2017","16,3065","16,1925","16,3195","16,1875","0,79%"
"23.06.2017","16,1780","16,1430","16,1940","16,1040","0,19%"
"22.06.2017","16,1475","16,2285","16,2285","16,1415","-0,46%"
"21.06.2017","16,2225","16,1475","16,4775","16,1475","0,49%"
"20.06.2017","16,1435","16,1405","16,1705","16,1305","0,03%"
"19.06.2017","16,1385","16,0355","16,1755","16,0255","0,71%"
"16.06.2017","16,0250","15,9150","16,0520","15,9150","0,36%"
"15.06.2017","15,9680","15,8660","15,9910","15,8660","0,40%"
"14.06.2017","15,9040","15,8920","15,9360","15,8520","0,13%"
"13.06.2017","15,8840","15,9380","15,9380","15,8840","-0,21%"
"12.06.2017","15,9180","15,9240","15,9590","15,8920","0,02%"
"09.06.2017","15,9150","15,9050","15,9250","15,8725","-0,13%"
"08.06.2017","15,9355","16,0025","16,0275","15,9275","-0,35%"
"07.06.2017","15,9920","16,0255","16,0330","15,9920","-0,14%"
"06.06.2017","16,0150","15,9950","16,0160","15,9650","-0,09%"
"05.06.2017","16,0295","16,0555","16,1065","16,0295","-0,06%"
"02.06.2017","16,0385","16,0705","16,0795","16,0345","-0,08%"
"01.06.2017","16,0515","16,0925","16,1155","16,0055","-0,26%"
"31.05.2017","16,0940","16,1570","16,1870","16,0940","-0,47%"
"30.05.2017","16,1700","16,0400","16,1700","16,0300","1,19%"
"29.05.2017","15,9800","16,0300","16,0300","15,9800","-0,17%"
"26.05.2017","16,0080","16,0870","16,0870","16,0070","-0,46%"
"25.05.2017","16,0820","16,0950","16,0950","16,0820","-0,03%"
"24.05.2017","16,0875","16,1065","16,1445","16,0705","-0,02%"
"23.05.2017","16,0910","16,1900","16,1900","16,0150","-0,51%"
"22.05.2017","16,1740","16,0080","16,1915","15,9940","0,98%"
"19.05.2017","16,0170","15,8730","16,0230","15,8730","0,03%"
"18.05.2017","16,0120","15,6160","16,0720","15,6100","2,54%"
"17.05.2017","15,6150","15,5700","15,6350","15,5650","0,26%"
"16.05.2017","15,5750","15,5560","15,6460","15,5560","0,30%"
"15.05.2017","15,5288","15,4313","15,5312","15,4313","0,61%"
"12.05.2017","15,4350","15,4150","15,4450","15,3950","-0,06%"
"11.05.2017","15,4450","15,5050","15,5050","15,4250","-0,42%"
"10.05.2017","15,5100","15,5100","15,5700","15,5100","-0,04%"
"09.05.2017","15,5155","15,4745","15,6245","15,4745","0,26%"
"08.05.2017","15,4745","15,3795","15,4745","15,3645","0,78%"
"05.05.2017","15,3550","15,2750","15,3960","15,2750","0,07%"
"04.05.2017","15,3450","15,3010","15,4500","15,2850","0,43%"
"03.05.2017","15,2795","15,2935","15,3085","15,2335","-0,04%"
"02.05.2017","15,2850","15,3250","15,3960","15,2550","-0,65%"